"Date","Source","Site ID","POC","Daily Mean PM10 Concentration","UNITS","DAILY_AQI_VALUE","Site Name","DAILY_OBS_COUNT","PERCENT_COMPLETE","AQS_PARAMETER_CODE","AQS_PARAMETER_DESC","CBSA_CODE","CBSA_NAME","STATE_CODE","STATE","COUNTY_CODE","COUNTY","SITE_LATITUDE","SITE_LONGITUDE"
"01/03/2019","AQS","481670004","1","5","ug/m3 SC","5","Texas City Fire Station","1","100.0000","81102","PM10 Total 0-10um STP","26420","Houston-The Woodlands-Sugar Land, TX","48","Texas","167","Galveston","29.384444","-94.930833"
"01/09/2019","AQS","481670004","1","9","ug/m3 SC","8","Texas City Fire Station","1","100.0000","81102","PM10 Total 0-10um STP","26420","Houston-The Woodlands-Sugar Land, TX","48","Texas","167","Galveston","29.384444","-94.930833"
"01/15/2019","AQS","481670004","1","13","ug/m3 SC","12","Texas City Fire Station","1","100.0000","81102","PM10 Total 0-10um STP","26420","Houston-The Woodlands-Sugar Land, TX","48","Texas","167","Galveston","29.384444","-94.930833"
"01/21/2019","AQS","481670004","1","14","ug/m3 SC","13","Texas City Fire Station","1","100.0000","81102","PM10 Total 0-10um STP","26420","Houston-The Woodlands-Sugar Land, TX","48","Texas","167","Galveston","29.384444","-94.930833"
"01/27/2019","AQS","481670004","1","12","ug/m3 SC","11","Texas City Fire Station","1","100.0000","81102","PM10 Total 0-10um STP","26420","Houston-The Woodlands-Sugar Land, TX","48","Texas","167","Galveston","29.384444","-94.930833"
"02/02/2019","AQS","481670004","1","11","ug/m3 SC","10","Texas City Fire Station","1","100.0000","81102","PM10 Total 0-10um STP","26420","Houston-The Woodlands-Sugar Land, TX","48","Texas","167","Galveston","29.384444","-94.930833"
"02/08/2019","AQS","481670004","1","2","ug/m3 SC","2","Texas City Fire Station","1","100.0000","81102","PM10 Total 0-10um STP","26420","Houston-The Woodlands-Sugar Land, TX","48","Texas","167","Galveston","29.384444","-94.930833"
"02/14/2019","AQS","481670004","1","28","ug/m3 SC","26","Texas City Fire Station","1","100.0000","81102","PM10 Total 0-10um STP","26420","Houston-The Woodlands-Sugar Land, TX","48","Texas","167","Galveston","29.384444","-94.930833"
"02/20/2019","AQS","481670004","1","8","ug/m3 SC","7","Texas City Fire Station","1","100.0000","81102","PM10 Total 0-10um STP","26420","Houston-The Woodlands-Sugar Land, TX","48","Texas","167","Galveston","29.384444","-94.930833"
"02/26/2019","AQS","481670004","1","17","ug/m3 SC","16","Texas City Fire Station","1","100.0000","81102","PM10 Total 0-10um STP","26420","Houston-The Woodlands-Sugar Land, TX","48","Texas","167","Galveston","29.384444","-94.930833"
"03/04/2019","AQS","481670004","1","14","ug/m3 SC","13","Texas City Fire Station","1","100.0000","81102","PM10 Total 0-10um STP","26420","Houston-The Woodlands-Sugar Land, TX","48","Texas","167","Galveston","29.384444","-94.930833"
"03/10/2019","AQS","481670004","1","12","ug/m3 SC","11","Texas City Fire Station","1","100.0000","81102","PM10 Total 0-10um STP","26420","Houston-The Woodlands-Sugar Land, TX","48","Texas","167","Galveston","29.384444","-94.930833"
"03/16/2019","AQS","481670004","1","10","ug/m3 SC","9","Texas City Fire Station","1","100.0000","81102","PM10 Total 0-10um STP","26420","Houston-The Woodlands-Sugar Land, TX","48","Texas","167","Galveston","29.384444","-94.930833"
"03/22/2019","AQS","481670004","1","20","ug/m3 SC","19","Texas City Fire Station","1","100.0000","81102","PM10 Total 0-10um STP","26420","Houston-The Woodlands-Sugar Land, TX","48","Texas","167","Galveston","29.384444","-94.930833"
"03/28/2019","AQS","481670004","1","20","ug/m3 SC","19","Texas City Fire Station","1","100.0000","81102","PM10 Total 0-10um STP","26420","Houston-The Woodlands-Sugar Land, TX","48","Texas","167","Galveston","29.384444","-94.930833"
"04/06/2019","AQS","481670004","1","27","ug/m3 SC","25","Texas City Fire Station","1","100.0000","81102","PM10 Total 0-10um STP","26420","Houston-The Woodlands-Sugar Land, TX","48","Texas","167","Galveston","29.384444","-94.930833"
"04/09/2019","AQS","481670004","1","17","ug/m3 SC","16","Texas City Fire Station","1","100.0000","81102","PM10 Total 0-10um STP","26420","Houston-The Woodlands-Sugar Land, TX","48","Texas","167","Galveston","29.384444","-94.930833"
"04/15/2019","AQS","481670004","1","18","ug/m3 SC","17","Texas City Fire Station","1","100.0000","81102","PM10 Total 0-10um STP","26420","Houston-The Woodlands-Sugar Land, TX","48","Texas","167","Galveston","29.384444","-94.930833"
"04/21/2019","AQS","481670004","1","12","ug/m3 SC","11","Texas City Fire Station","1","100.0000","81102","PM10 Total 0-10um STP","26420","Houston-The Woodlands-Sugar Land, TX","48","Texas","167","Galveston","29.384444","-94.930833"
"04/27/2019","AQS","481670004","1","16","ug/m3 SC","15","Texas City Fire Station","1","100.0000","81102","PM10 Total 0-10um STP","26420","Houston-The Woodlands-Sugar Land, TX","48","Texas","167","Galveston","29.384444","-94.930833"
"05/03/2019","AQS","481670004","1","13","ug/m3 SC","12","Texas City Fire Station","1","100.0000","81102","PM10 Total 0-10um STP","26420","Houston-The Woodlands-Sugar Land, TX","48","Texas","167","Galveston","29.384444","-94.930833"
"05/09/2019","AQS","481670004","1","29","ug/m3 SC","27","Texas City Fire Station","1","100.0000","81102","PM10 Total 0-10um STP","26420","Houston-The Woodlands-Sugar Land, TX","48","Texas","167","Galveston","29.384444","-94.930833"
"05/15/2019","AQS","481670004","1","16","ug/m3 SC","15","Texas City Fire Station","1","100.0000","81102","PM10 Total 0-10um STP","26420","Houston-The Woodlands-Sugar Land, TX","48","Texas","167","Galveston","29.384444","-94.930833"
"05/21/2019","AQS","481670004","1","45","ug/m3 SC","42","Texas City Fire Station","1","100.0000","81102","PM10 Total 0-10um STP","26420","Houston-The Woodlands-Sugar Land, TX","48","Texas","167","Galveston","29.384444","-94.930833"
"05/27/2019","AQS","481670004","1","6","ug/m3 SC","6","Texas City Fire Station","1","100.0000","81102","PM10 Total 0-10um STP","26420","Houston-The Woodlands-Sugar Land, TX","48","Texas","167","Galveston","29.384444","-94.930833"
"06/02/2019","AQS","481670004","1","8","ug/m3 SC","7","Texas City Fire Station","1","100.0000","81102","PM10 Total 0-10um STP","26420","Houston-The Woodlands-Sugar Land, TX","48","Texas","167","Galveston","29.384444","-94.930833"
"06/08/2019","AQS","481670004","1","16","ug/m3 SC","15","Texas City Fire Station","1","100.0000","81102","PM10 Total 0-10um STP","26420","Houston-The Woodlands-Sugar Land, TX","48","Texas","167","Galveston","29.384444","-94.930833"
"06/14/2019","AQS","481670004","1","21","ug/m3 SC","19","Texas City Fire Station","1","100.0000","81102","PM10 Total 0-10um STP","26420","Houston-The Woodlands-Sugar Land, TX","48","Texas","167","Galveston","29.384444","-94.930833"
"06/20/2019","AQS","481670004","1","38","ug/m3 SC","35","Texas City Fire Station","1","100.0000","81102","PM10 Total 0-10um STP","26420","Houston-The Woodlands-Sugar Land, TX","48","Texas","167","Galveston","29.384444","-94.930833"
"06/26/2019","AQS","481670004","1","45","ug/m3 SC","42","Texas City Fire Station","1","100.0000","81102","PM10 Total 0-10um STP","26420","Houston-The Woodlands-Sugar Land, TX","48","Texas","167","Galveston","29.384444","-94.930833"
"07/02/2019","AQS","481670004","1","15","ug/m3 SC","14","Texas City Fire Station","1","100.0000","81102","PM10 Total 0-10um STP","26420","Houston-The Woodlands-Sugar Land, TX","48","Texas","167","Galveston","29.384444","-94.930833"
"07/08/2019","AQS","481670004","1","17","ug/m3 SC","16","Texas City Fire Station","1","100.0000","81102","PM10 Total 0-10um STP","26420","Houston-The Woodlands-Sugar Land, TX","48","Texas","167","Galveston","29.384444","-94.930833"
"07/14/2019","AQS","481670004","1","25","ug/m3 SC","23","Texas City Fire Station","1","100.0000","81102","PM10 Total 0-10um STP","26420","Houston-The Woodlands-Sugar Land, TX","48","Texas","167","Galveston","29.384444","-94.930833"
"07/20/2019","AQS","481670004","1","14","ug/m3 SC","13","Texas City Fire Station","1","100.0000","81102","PM10 Total 0-10um STP","26420","Houston-The Woodlands-Sugar Land, TX","48","Texas","167","Galveston","29.384444","-94.930833"
"07/26/2019","AQS","481670004","1","16","ug/m3 SC","15","Texas City Fire Station","1","100.0000","81102","PM10 Total 0-10um STP","26420","Houston-The Woodlands-Sugar Land, TX","48","Texas","167","Galveston","29.384444","-94.930833"
"08/01/2019","AQS","481670004","1","16","ug/m3 SC","15","Texas City Fire Station","1","100.0000","81102","PM10 Total 0-10um STP","26420","Houston-The Woodlands-Sugar Land, TX","48","Texas","167","Galveston","29.384444","-94.930833"
"08/07/2019","AQS","481670004","1","33","ug/m3 SC","31","Texas City Fire Station","1","100.0000","81102","PM10 Total 0-10um STP","26420","Houston-The Woodlands-Sugar Land, TX","48","Texas","167","Galveston","29.384444","-94.930833"
"08/13/2019","AQS","481670004","1","16","ug/m3 SC","15","Texas City Fire Station","1","100.0000","81102","PM10 Total 0-10um STP","26420","Houston-The Woodlands-Sugar Land, TX","48","Texas","167","Galveston","29.384444","-94.930833"
"08/19/2019","AQS","481670004","1","68","ug/m3 SC","57","Texas City Fire Station","1","100.0000","81102","PM10 Total 0-10um STP","26420","Houston-The Woodlands-Sugar Land, TX","48","Texas","167","Galveston","29.384444","-94.930833"
"08/25/2019","AQS","481670004","1","11","ug/m3 SC","10","Texas City Fire Station","1","100.0000","81102","PM10 Total 0-10um STP","26420","Houston-The Woodlands-Sugar Land, TX","48","Texas","167","Galveston","29.384444","-94.930833"
"08/31/2019","AQS","481670004","1","16","ug/m3 SC","15","Texas City Fire Station","1","100.0000","81102","PM10 Total 0-10um STP","26420","Houston-The Woodlands-Sugar Land, TX","48","Texas","167","Galveston","29.384444","-94.930833"
"09/06/2019","AQS","481670004","1","19","ug/m3 SC","18","Texas City Fire Station","1","100.0000","81102","PM10 Total 0-10um STP","26420","Houston-The Woodlands-Sugar Land, TX","48","Texas","167","Galveston","29.384444","-94.930833"
"09/12/2019","AQS","481670004","1","17","ug/m3 SC","16","Texas City Fire Station","1","100.0000","81102","PM10 Total 0-10um STP","26420","Houston-The Woodlands-Sugar Land, TX","48","Texas","167","Galveston","29.384444","-94.930833"
"09/18/2019","AQS","481670004","1","13","ug/m3 SC","12","Texas City Fire Station","1","100.0000","81102","PM10 Total 0-10um STP","26420","Houston-The Woodlands-Sugar Land, TX","48","Texas","167","Galveston","29.384444","-94.930833"
"09/24/2019","AQS","481670004","1","16","ug/m3 SC","15","Texas City Fire Station","1","100.0000","81102","PM10 Total 0-10um STP","26420","Houston-The Woodlands-Sugar Land, TX","48","Texas","167","Galveston","29.384444","-94.930833"
"09/30/2019","AQS","481670004","1","22","ug/m3 SC","20","Texas City Fire Station","1","100.0000","81102","PM10 Total 0-10um STP","26420","Houston-The Woodlands-Sugar Land, TX","48","Texas","167","Galveston","29.384444","-94.930833"
"10/06/2019","AQS","481670004","1","10","ug/m3 SC","9","Texas City Fire Station","1","100.0000","81102","PM10 Total 0-10um STP","26420","Houston-The Woodlands-Sugar Land, TX","48","Texas","167","Galveston","29.384444","-94.930833"
"10/12/2019","AQS","481670004","1","9","ug/m3 SC","8","Texas City Fire Station","1","100.0000","81102","PM10 Total 0-10um STP","26420","Houston-The Woodlands-Sugar Land, TX","48","Texas","167","Galveston","29.384444","-94.930833"
"10/18/2019","AQS","481670004","1","14","ug/m3 SC","13","Texas City Fire Station","1","100.0000","81102","PM10 Total 0-10um STP","26420","Houston-The Woodlands-Sugar Land, TX","48","Texas","167","Galveston","29.384444","-94.930833"
"10/24/2019","AQS","481670004","1","19","ug/m3 SC","18","Texas City Fire Station","1","100.0000","81102","PM10 Total 0-10um STP","26420","Houston-The Woodlands-Sugar Land, TX","48","Texas","167","Galveston","29.384444","-94.930833"
"10/30/2019","AQS","481670004","1","9","ug/m3 SC","8","Texas City Fire Station","1","100.0000","81102","PM10 Total 0-10um STP","26420","Houston-The Woodlands-Sugar Land, TX","48","Texas","167","Galveston","29.384444","-94.930833"
"11/06/2019","AQS","481670004","1","18","ug/m3 SC","17","Texas City Fire Station","1","100.0000","81102","PM10 Total 0-10um STP","26420","Houston-The Woodlands-Sugar Land, TX","48","Texas","167","Galveston","29.384444","-94.930833"
"11/11/2019","AQS","481670004","1","13","ug/m3 SC","12","Texas City Fire Station","1","100.0000","81102","PM10 Total 0-10um STP","26420","Houston-The Woodlands-Sugar Land, TX","48","Texas","167","Galveston","29.384444","-94.930833"
"11/17/2019","AQS","481670004","1","11","ug/m3 SC","10","Texas City Fire Station","1","100.0000","81102","PM10 Total 0-10um STP","26420","Houston-The Woodlands-Sugar Land, TX","48","Texas","167","Galveston","29.384444","-94.930833"
"11/23/2019","AQS","481670004","1","13","ug/m3 SC","12","Texas City Fire Station","1","100.0000","81102","PM10 Total 0-10um STP","26420","Houston-The Woodlands-Sugar Land, TX","48","Texas","167","Galveston","29.384444","-94.930833"
"11/29/2019","AQS","481670004","1","17","ug/m3 SC","16","Texas City Fire Station","1","100.0000","81102","PM10 Total 0-10um STP","26420","Houston-The Woodlands-Sugar Land, TX","48","Texas","167","Galveston","29.384444","-94.930833"
"12/05/2019","AQS","481670004","1","17","ug/m3 SC","16","Texas City Fire Station","1","100.0000","81102","PM10 Total 0-10um STP","26420","Houston-The Woodlands-Sugar Land, TX","48","Texas","167","Galveston","29.384444","-94.930833"
"12/11/2019","AQS","481670004","1","5","ug/m3 SC","5","Texas City Fire Station","1","100.0000","81102","PM10 Total 0-10um STP","26420","Houston-The Woodlands-Sugar Land, TX","48","Texas","167","Galveston","29.384444","-94.930833"
"12/17/2019","AQS","481670004","1","5","ug/m3 SC","5","Texas City Fire Station","1","100.0000","81102","PM10 Total 0-10um STP","26420","Houston-The Woodlands-Sugar Land, TX","48","Texas","167","Galveston","29.384444","-94.930833"
"12/23/2019","AQS","481670004","1","18","ug/m3 SC","17","Texas City Fire Station","1","100.0000","81102","PM10 Total 0-10um STP","26420","Houston-The Woodlands-Sugar Land, TX","48","Texas","167","Galveston","29.384444","-94.930833"
"12/29/2019","AQS","481670004","1","7","ug/m3 SC","6","Texas City Fire Station","1","100.0000","81102","PM10 Total 0-10um STP","26420","Houston-The Woodlands-Sugar Land, TX","48","Texas","167","Galveston","29.384444","-94.930833"
"01/03/2019","AQS","482010047","1","8","ug/m3 SC","7","Lang","1","100.0000","81102","PM10 Total 0-10um STP","26420","Houston-The Woodlands-Sugar Land, TX","48","Texas","201","Harris","29.834167","-95.489167"
"01/09/2019","AQS","482010047","1","19","ug/m3 SC","18","Lang","1","100.0000","81102","PM10 Total 0-10um STP","26420","Houston-The Woodlands-Sugar Land, TX","48","Texas","201","Harris","29.834167","-95.489167"
"01/24/2019","AQS","482010047","1","27","ug/m3 SC","25","Lang","1","100.0000","81102","PM10 Total 0-10um STP","26420","Houston-The Woodlands-Sugar Land, TX","48","Texas","201","Harris","29.834167","-95.489167"
"01/27/2019","AQS","482010047","1","17","ug/m3 SC","16","Lang","1","100.0000","81102","PM10 Total 0-10um STP","26420","Houston-The Woodlands-Sugar Land, TX","48","Texas","201","Harris","29.834167","-95.489167"
"02/02/2019","AQS","482010047","1","17","ug/m3 SC","16","Lang","1","100.0000","81102","PM10 Total 0-10um STP","26420","Houston-The Woodlands-Sugar Land, TX","48","Texas","201","Harris","29.834167","-95.489167"
"02/08/2019","AQS","482010047","1","11","ug/m3 SC","10","Lang","1","100.0000","81102","PM10 Total 0-10um STP","26420","Houston-The Woodlands-Sugar Land, TX","48","Texas","201","Harris","29.834167","-95.489167"
"02/14/2019","AQS","482010047","1","20","ug/m3 SC","19","Lang","1","100.0000","81102","PM10 Total 0-10um STP","26420","Houston-The Woodlands-Sugar Land, TX","48","Texas","201","Harris","29.834167","-95.489167"
"02/20/2019","AQS","482010047","1","10","ug/m3 SC","9","Lang","1","100.0000","81102","PM10 Total 0-10um STP","26420","Houston-The Woodlands-Sugar Land, TX","48","Texas","201","Harris","29.834167","-95.489167"
"02/26/2019","AQS","482010047","1","18","ug/m3 SC","17","Lang","1","100.0000","81102","PM10 Total 0-10um STP","26420","Houston-The Woodlands-Sugar Land, TX","48","Texas","201","Harris","29.834167","-95.489167"
"03/04/2019","AQS","482010047","1","18","ug/m3 SC","17","Lang","1","100.0000","81102","PM10 Total 0-10um STP","26420","Houston-The Woodlands-Sugar Land, TX","48","Texas","201","Harris","29.834167","-95.489167"
"03/10/2019","AQS","482010047","1","18","ug/m3 SC","17","Lang","1","100.0000","81102","PM10 Total 0-10um STP","26420","Houston-The Woodlands-Sugar Land, TX","48","Texas","201","Harris","29.834167","-95.489167"
"03/16/2019","AQS","482010047","1","14","ug/m3 SC","13","Lang","1","100.0000","81102","PM10 Total 0-10um STP","26420","Houston-The Woodlands-Sugar Land, TX","48","Texas","201","Harris","29.834167","-95.489167"
"03/22/2019","AQS","482010047","1","30","ug/m3 SC","28","Lang","1","100.0000","81102","PM10 Total 0-10um STP","26420","Houston-The Woodlands-Sugar Land, TX","48","Texas","201","Harris","29.834167","-95.489167"
"03/28/2019","AQS","482010047","1","25","ug/m3 SC","23","Lang","1","100.0000","81102","PM10 Total 0-10um STP","26420","Houston-The Woodlands-Sugar Land, TX","48","Texas","201","Harris","29.834167","-95.489167"
"04/03/2019","AQS","482010047","1","27","ug/m3 SC","25","Lang","1","100.0000","81102","PM10 Total 0-10um STP","26420","Houston-The Woodlands-Sugar Land, TX","48","Texas","201","Harris","29.834167","-95.489167"
"04/09/2019","AQS","482010047","1","27","ug/m3 SC","25","Lang","1","100.0000","81102","PM10 Total 0-10um STP","26420","Houston-The Woodlands-Sugar Land, TX","48","Texas","201","Harris","29.834167","-95.489167"
"04/15/2019","AQS","482010047","1","21","ug/m3 SC","19","Lang","1","100.0000","81102","PM10 Total 0-10um STP","26420","Houston-The Woodlands-Sugar Land, TX","48","Texas","201","Harris","29.834167","-95.489167"
"04/21/2019","AQS","482010047","1","14","ug/m3 SC","13","Lang","1","100.0000","81102","PM10 Total 0-10um STP","26420","Houston-The Woodlands-Sugar Land, TX","48","Texas","201","Harris","29.834167","-95.489167"
"04/27/2019","AQS","482010047","1","21","ug/m3 SC","19","Lang","1","100.0000","81102","PM10 Total 0-10um STP","26420","Houston-The Woodlands-Sugar Land, TX","48","Texas","201","Harris","29.834167","-95.489167"
"05/03/2019","AQS","482010047","1","19","ug/m3 SC","18","Lang","1","100.0000","81102","PM10 Total 0-10um STP","26420","Houston-The Woodlands-Sugar Land, TX","48","Texas","201","Harris","29.834167","-95.489167"
"05/09/2019","AQS","482010047","1","26","ug/m3 SC","24","Lang","1","100.0000","81102","PM10 Total 0-10um STP","26420","Houston-The Woodlands-Sugar Land, TX","48","Texas","201","Harris","29.834167","-95.489167"
"05/15/2019","AQS","482010047","1","21","ug/m3 SC","19","Lang","1","100.0000","81102","PM10 Total 0-10um STP","26420","Houston-The Woodlands-Sugar Land, TX","48","Texas","201","Harris","29.834167","-95.489167"
"05/21/2019","AQS","482010047","1","32","ug/m3 SC","30","Lang","1","100.0000","81102","PM10 Total 0-10um STP","26420","Houston-The Woodlands-Sugar Land, TX","48","Texas","201","Harris","29.834167","-95.489167"
"05/27/2019","AQS","482010047","1","19","ug/m3 SC","18","Lang","1","100.0000","81102","PM10 Total 0-10um STP","26420","Houston-The Woodlands-Sugar Land, TX","48","Texas","201","Harris","29.834167","-95.489167"
"06/04/2019","AQS","482010047","1","12","ug/m3 SC","11","Lang","1","100.0000","81102","PM10 Total 0-10um STP","26420","Houston-The Woodlands-Sugar Land, TX","48","Texas","201","Harris","29.834167","-95.489167"
"06/08/2019","AQS","482010047","1","18","ug/m3 SC","17","Lang","1","100.0000","81102","PM10 Total 0-10um STP","26420","Houston-The Woodlands-Sugar Land, TX","48","Texas","201","Harris","29.834167","-95.489167"
"06/14/2019","AQS","482010047","1","20","ug/m3 SC","19","Lang","1","100.0000","81102","PM10 Total 0-10um STP","26420","Houston-The Woodlands-Sugar Land, TX","48","Texas","201","Harris","29.834167","-95.489167"
"06/20/2019","AQS","482010047","1","30","ug/m3 SC","28","Lang","1","100.0000","81102","PM10 Total 0-10um STP","26420","Houston-The Woodlands-Sugar Land, TX","48","Texas","201","Harris","29.834167","-95.489167"
"06/26/2019","AQS","482010047","1","36","ug/m3 SC","33","Lang","1","100.0000","81102","PM10 Total 0-10um STP","26420","Houston-The Woodlands-Sugar Land, TX","48","Texas","201","Harris","29.834167","-95.489167"
"07/02/2019","AQS","482010047","1","16","ug/m3 SC","15","Lang","1","100.0000","81102","PM10 Total 0-10um STP","26420","Houston-The Woodlands-Sugar Land, TX","48","Texas","201","Harris","29.834167","-95.489167"
"07/08/2019","AQS","482010047","1","15","ug/m3 SC","14","Lang","1","100.0000","81102","PM10 Total 0-10um STP","26420","Houston-The Woodlands-Sugar Land, TX","48","Texas","201","Harris","29.834167","-95.489167"
"07/14/2019","AQS","482010047","1","12","ug/m3 SC","11","Lang","1","100.0000","81102","PM10 Total 0-10um STP","26420","Houston-The Woodlands-Sugar Land, TX","48","Texas","201","Harris","29.834167","-95.489167"
"07/20/2019","AQS","482010047","1","17","ug/m3 SC","16","Lang","1","100.0000","81102","PM10 Total 0-10um STP","26420","Houston-The Woodlands-Sugar Land, TX","48","Texas","201","Harris","29.834167","-95.489167"
"07/26/2019","AQS","482010047","1","24","ug/m3 SC","22","Lang","1","100.0000","81102","PM10 Total 0-10um STP","26420","Houston-The Woodlands-Sugar Land, TX","48","Texas","201","Harris","29.834167","-95.489167"
"08/01/2019","AQS","482010047","1","18","ug/m3 SC","17","Lang","1","100.0000","81102","PM10 Total 0-10um STP","26420","Houston-The Woodlands-Sugar Land, TX","48","Texas","201","Harris","29.834167","-95.489167"
"08/07/2019","AQS","482010047","1","26","ug/m3 SC","24","Lang","1","100.0000","81102","PM10 Total 0-10um STP","26420","Houston-The Woodlands-Sugar Land, TX","48","Texas","201","Harris","29.834167","-95.489167"
"08/13/2019","AQS","482010047","1","15","ug/m3 SC","14","Lang","1","100.0000","81102","PM10 Total 0-10um STP","26420","Houston-The Woodlands-Sugar Land, TX","48","Texas","201","Harris","29.834167","-95.489167"
"08/19/2019","AQS","482010047","1","33","ug/m3 SC","31","Lang","1","100.0000","81102","PM10 Total 0-10um STP","26420","Houston-The Woodlands-Sugar Land, TX","48","Texas","201","Harris","29.834167","-95.489167"
"08/25/2019","AQS","482010047","1","11","ug/m3 SC","10","Lang","1","100.0000","81102","PM10 Total 0-10um STP","26420","Houston-The Woodlands-Sugar Land, TX","48","Texas","201","Harris","29.834167","-95.489167"
"08/31/2019","AQS","482010047","1","18","ug/m3 SC","17","Lang","1","100.0000","81102","PM10 Total 0-10um STP","26420","Houston-The Woodlands-Sugar Land, TX","48","Texas","201","Harris","29.834167","-95.489167"
"09/06/2019","AQS","482010047","1","20","ug/m3 SC","19","Lang","1","100.0000","81102","PM10 Total 0-10um STP","26420","Houston-The Woodlands-Sugar Land, TX","48","Texas","201","Harris","29.834167","-95.489167"
"09/12/2019","AQS","482010047","1","21","ug/m3 SC","19","Lang","1","100.0000","81102","PM10 Total 0-10um STP","26420","Houston-The Woodlands-Sugar Land, TX","48","Texas","201","Harris","29.834167","-95.489167"
"09/18/2019","AQS","482010047","1","9","ug/m3 SC","8","Lang","1","100.0000","81102","PM10 Total 0-10um STP","26420","Houston-The Woodlands-Sugar Land, TX","48","Texas","201","Harris","29.834167","-95.489167"
"09/24/2019","AQS","482010047","1","18","ug/m3 SC","17","Lang","1","100.0000","81102","PM10 Total 0-10um STP","26420","Houston-The Woodlands-Sugar Land, TX","48","Texas","201","Harris","29.834167","-95.489167"
"09/30/2019","AQS","482010047","1","17","ug/m3 SC","16","Lang","1","100.0000","81102","PM10 Total 0-10um STP","26420","Houston-The Woodlands-Sugar Land, TX","48","Texas","201","Harris","29.834167","-95.489167"
"10/06/2019","AQS","482010047","1","17","ug/m3 SC","16","Lang","1","100.0000","81102","PM10 Total 0-10um STP","26420","Houston-The Woodlands-Sugar Land, TX","48","Texas","201","Harris","29.834167","-95.489167"
"10/12/2019","AQS","482010047","1","10","ug/m3 SC","9","Lang","1","100.0000","81102","PM10 Total 0-10um STP","26420","Houston-The Woodlands-Sugar Land, TX","48","Texas","201","Harris","29.834167","-95.489167"
"10/18/2019","AQS","482010047","1","21","ug/m3 SC","19","Lang","1","100.0000","81102","PM10 Total 0-10um STP","26420","Houston-The Woodlands-Sugar Land, TX","48","Texas","201","Harris","29.834167","-95.489167"
"10/24/2019","AQS","482010047","1","20","ug/m3 SC","19","Lang","1","100.0000","81102","PM10 Total 0-10um STP","26420","Houston-The Woodlands-Sugar Land, TX","48","Texas","201","Harris","29.834167","-95.489167"
"10/30/2019","AQS","482010047","1","8","ug/m3 SC","7","Lang","1","100.0000","81102","PM10 Total 0-10um STP","26420","Houston-The Woodlands-Sugar Land, TX","48","Texas","201","Harris","29.834167","-95.489167"
"11/05/2019","AQS","482010047","1","20","ug/m3 SC","19","Lang","1","100.0000","81102","PM10 Total 0-10um STP","26420","Houston-The Woodlands-Sugar Land, TX","48","Texas","201","Harris","29.834167","-95.489167"
"11/14/2019","AQS","482010047","1","11","ug/m3 SC","10","Lang","1","100.0000","81102","PM10 Total 0-10um STP","26420","Houston-The Woodlands-Sugar Land, TX","48","Texas","201","Harris","29.834167","-95.489167"
"11/17/2019","AQS","482010047","1","32","ug/m3 SC","30","Lang","1","100.0000","81102","PM10 Total 0-10um STP","26420","Houston-The Woodlands-Sugar Land, TX","48","Texas","201","Harris","29.834167","-95.489167"
"11/23/2019","AQS","482010047","1","13","ug/m3 SC","12","Lang","1","100.0000","81102","PM10 Total 0-10um STP","26420","Houston-The Woodlands-Sugar Land, TX","48","Texas","201","Harris","29.834167","-95.489167"
"11/29/2019","AQS","482010047","1","15","ug/m3 SC","14","Lang","1","100.0000","81102","PM10 Total 0-10um STP","26420","Houston-The Woodlands-Sugar Land, TX","48","Texas","201","Harris","29.834167","-95.489167"
"12/05/2019","AQS","482010047","1","34","ug/m3 SC","31","Lang","1","100.0000","81102","PM10 Total 0-10um STP","26420","Houston-The Woodlands-Sugar Land, TX","48","Texas","201","Harris","29.834167","-95.489167"
"12/11/2019","AQS","482010047","1","9","ug/m3 SC","8","Lang","1","100.0000","81102","PM10 Total 0-10um STP","26420","Houston-The Woodlands-Sugar Land, TX","48","Texas","201","Harris","29.834167","-95.489167"
"12/17/2019","AQS","482010047","1","11","ug/m3 SC","10","Lang","1","100.0000","81102","PM10 Total 0-10um STP","26420","Houston-The Woodlands-Sugar Land, TX","48","Texas","201","Harris","29.834167","-95.489167"
"12/23/2019","AQS","482010047","1","24","ug/m3 SC","22","Lang","1","100.0000","81102","PM10 Total 0-10um STP","26420","Houston-The Woodlands-Sugar Land, TX","48","Texas","201","Harris","29.834167","-95.489167"
"12/29/2019","AQS","482010047","1","7","ug/m3 SC","6","Lang","1","100.0000","81102","PM10 Total 0-10um STP","26420","Houston-The Woodlands-Sugar Land, TX","48","Texas","201","Harris","29.834167","-95.489167"
"01/03/2019","AQS","482010062","1","5","ug/m3 SC","5","Houston Monroe","1","100.0000","81102","PM10 Total 0-10um STP","26420","Houston-The Woodlands-Sugar Land, TX","48","Texas","201","Harris","29.625556","-95.267222"
"01/09/2019","AQS","482010062","1","25","ug/m3 SC","23","Houston Monroe","1","100.0000","81102","PM10 Total 0-10um STP","26420","Houston-The Woodlands-Sugar Land, TX","48","Texas","201","Harris","29.625556","-95.267222"
"01/15/2019","AQS","482010062","1","26","ug/m3 SC","24","Houston Monroe","1","100.0000","81102","PM10 Total 0-10um STP","26420","Houston-The Woodlands-Sugar Land, TX","48","Texas","201","Harris","29.625556","-95.267222"
"01/21/2019","AQS","482010062","1","19","ug/m3 SC","18","Houston Monroe","1","100.0000","81102","PM10 Total 0-10um STP","26420","Houston-The Woodlands-Sugar Land, TX","48","Texas","201","Harris","29.625556","-95.267222"
"01/27/2019","AQS","482010062","1","15","ug/m3 SC","14","Houston Monroe","1","100.0000","81102","PM10 Total 0-10um STP","26420","Houston-The Woodlands-Sugar Land, TX","48","Texas","201","Harris","29.625556","-95.267222"
"02/02/2019","AQS","482010062","1","16","ug/m3 SC","15","Houston Monroe","1","100.0000","81102","PM10 Total 0-10um STP","26420","Houston-The Woodlands-Sugar Land, TX","48","Texas","201","Harris","29.625556","-95.267222"
"02/08/2019","AQS","482010062","1","16","ug/m3 SC","15","Houston Monroe","1","100.0000","81102","PM10 Total 0-10um STP","26420","Houston-The Woodlands-Sugar Land, TX","48","Texas","201","Harris","29.625556","-95.267222"
"02/14/2019","AQS","482010062","1","26","ug/m3 SC","24","Houston Monroe","1","100.0000","81102","PM10 Total 0-10um STP","26420","Houston-The Woodlands-Sugar Land, TX","48","Texas","201","Harris","29.625556","-95.267222"
"02/23/2019","AQS","482010062","1","35","ug/m3 SC","32","Houston Monroe","1","100.0000","81102","PM10 Total 0-10um STP","26420","Houston-The Woodlands-Sugar Land, TX","48","Texas","201","Harris","29.625556","-95.267222"
"02/26/2019","AQS","482010062","1","18","ug/m3 SC","17","Houston Monroe","1","100.0000","81102","PM10 Total 0-10um STP","26420","Houston-The Woodlands-Sugar Land, TX","48","Texas","201","Harris","29.625556","-95.267222"
"03/04/2019","AQS","482010062","1","22","ug/m3 SC","20","Houston Monroe","1","100.0000","81102","PM10 Total 0-10um STP","26420","Houston-The Woodlands-Sugar Land, TX","48","Texas","201","Harris","29.625556","-95.267222"
"03/10/2019","AQS","482010062","1","12","ug/m3 SC","11","Houston Monroe","1","100.0000","81102","PM10 Total 0-10um STP","26420","Houston-The Woodlands-Sugar Land, TX","48","Texas","201","Harris","29.625556","-95.267222"
"03/16/2019","AQS","482010062","1","18","ug/m3 SC","17","Houston Monroe","1","100.0000","81102","PM10 Total 0-10um STP","26420","Houston-The Woodlands-Sugar Land, TX","48","Texas","201","Harris","29.625556","-95.267222"
"03/22/2019","AQS","482010062","1","33","ug/m3 SC","31","Houston Monroe","1","100.0000","81102","PM10 Total 0-10um STP","26420","Houston-The Woodlands-Sugar Land, TX","48","Texas","201","Harris","29.625556","-95.267222"
"03/28/2019","AQS","482010062","1","31","ug/m3 SC","29","Houston Monroe","1","100.0000","81102","PM10 Total 0-10um STP","26420","Houston-The Woodlands-Sugar Land, TX","48","Texas","201","Harris","29.625556","-95.267222"
"04/03/2019","AQS","482010062","1","30","ug/m3 SC","28","Houston Monroe","1","100.0000","81102","PM10 Total 0-10um STP","26420","Houston-The Woodlands-Sugar Land, TX","48","Texas","201","Harris","29.625556","-95.267222"
"04/09/2019","AQS","482010062","1","24","ug/m3 SC","22","Houston Monroe","1","100.0000","81102","PM10 Total 0-10um STP","26420","Houston-The Woodlands-Sugar Land, TX","48","Texas","201","Harris","29.625556","-95.267222"
"04/15/2019","AQS","482010062","1","25","ug/m3 SC","23","Houston Monroe","1","100.0000","81102","PM10 Total 0-10um STP","26420","Houston-The Woodlands-Sugar Land, TX","48","Texas","201","Harris","29.625556","-95.267222"
"04/21/2019","AQS","482010062","1","12","ug/m3 SC","11","Houston Monroe","1","100.0000","81102","PM10 Total 0-10um STP","26420","Houston-The Woodlands-Sugar Land, TX","48","Texas","201","Harris","29.625556","-95.267222"
"04/27/2019","AQS","482010062","1","18","ug/m3 SC","17","Houston Monroe","1","100.0000","81102","PM10 Total 0-10um STP","26420","Houston-The Woodlands-Sugar Land, TX","48","Texas","201","Harris","29.625556","-95.267222"
"05/03/2019","AQS","482010062","1","25","ug/m3 SC","23","Houston Monroe","1","100.0000","81102","PM10 Total 0-10um STP","26420","Houston-The Woodlands-Sugar Land, TX","48","Texas","201","Harris","29.625556","-95.267222"
"05/09/2019","AQS","482010062","1","24","ug/m3 SC","22","Houston Monroe","1","100.0000","81102","PM10 Total 0-10um STP","26420","Houston-The Woodlands-Sugar Land, TX","48","Texas","201","Harris","29.625556","-95.267222"
"05/15/2019","AQS","482010062","1","23","ug/m3 SC","21","Houston Monroe","1","100.0000","81102","PM10 Total 0-10um STP","26420","Houston-The Woodlands-Sugar Land, TX","48","Texas","201","Harris","29.625556","-95.267222"
"05/21/2019","AQS","482010062","1","33","ug/m3 SC","31","Houston Monroe","1","100.0000","81102","PM10 Total 0-10um STP","26420","Houston-The Woodlands-Sugar Land, TX","48","Texas","201","Harris","29.625556","-95.267222"
"05/27/2019","AQS","482010062","1","19","ug/m3 SC","18","Houston Monroe","1","100.0000","81102","PM10 Total 0-10um STP","26420","Houston-The Woodlands-Sugar Land, TX","48","Texas","201","Harris","29.625556","-95.267222"
"06/02/2019","AQS","482010062","1","11","ug/m3 SC","10","Houston Monroe","1","100.0000","81102","PM10 Total 0-10um STP","26420","Houston-The Woodlands-Sugar Land, TX","48","Texas","201","Harris","29.625556","-95.267222"
"06/08/2019","AQS","482010062","1","18","ug/m3 SC","17","Houston Monroe","1","100.0000","81102","PM10 Total 0-10um STP","26420","Houston-The Woodlands-Sugar Land, TX","48","Texas","201","Harris","29.625556","-95.267222"
"06/14/2019","AQS","482010062","1","23","ug/m3 SC","21","Houston Monroe","1","100.0000","81102","PM10 Total 0-10um STP","26420","Houston-The Woodlands-Sugar Land, TX","48","Texas","201","Harris","29.625556","-95.267222"
"06/20/2019","AQS","482010062","1","31","ug/m3 SC","29","Houston Monroe","1","100.0000","81102","PM10 Total 0-10um STP","26420","Houston-The Woodlands-Sugar Land, TX","48","Texas","201","Harris","29.625556","-95.267222"
"06/26/2019","AQS","482010062","1","37","ug/m3 SC","34","Houston Monroe","1","100.0000","81102","PM10 Total 0-10um STP","26420","Houston-The Woodlands-Sugar Land, TX","48","Texas","201","Harris","29.625556","-95.267222"
"07/02/2019","AQS","482010062","1","16","ug/m3 SC","15","Houston Monroe","1","100.0000","81102","PM10 Total 0-10um STP","26420","Houston-The Woodlands-Sugar Land, TX","48","Texas","201","Harris","29.625556","-95.267222"
"07/08/2019","AQS","482010062","1","16","ug/m3 SC","15","Houston Monroe","1","100.0000","81102","PM10 Total 0-10um STP","26420","Houston-The Woodlands-Sugar Land, TX","48","Texas","201","Harris","29.625556","-95.267222"
"07/14/2019","AQS","482010062","1","15","ug/m3 SC","14","Houston Monroe","1","100.0000","81102","PM10 Total 0-10um STP","26420","Houston-The Woodlands-Sugar Land, TX","48","Texas","201","Harris","29.625556","-95.267222"
"07/20/2019","AQS","482010062","1","14","ug/m3 SC","13","Houston Monroe","1","100.0000","81102","PM10 Total 0-10um STP","26420","Houston-The Woodlands-Sugar Land, TX","48","Texas","201","Harris","29.625556","-95.267222"
"07/26/2019","AQS","482010062","1","21","ug/m3 SC","19","Houston Monroe","1","100.0000","81102","PM10 Total 0-10um STP","26420","Houston-The Woodlands-Sugar Land, TX","48","Texas","201","Harris","29.625556","-95.267222"
"08/01/2019","AQS","482010062","1","22","ug/m3 SC","20","Houston Monroe","1","100.0000","81102","PM10 Total 0-10um STP","26420","Houston-The Woodlands-Sugar Land, TX","48","Texas","201","Harris","29.625556","-95.267222"
"08/07/2019","AQS","482010062","1","26","ug/m3 SC","24","Houston Monroe","1","100.0000","81102","PM10 Total 0-10um STP","26420","Houston-The Woodlands-Sugar Land, TX","48","Texas","201","Harris","29.625556","-95.267222"
"08/13/2019","AQS","482010062","1","16","ug/m3 SC","15","Houston Monroe","1","100.0000","81102","PM10 Total 0-10um STP","26420","Houston-The Woodlands-Sugar Land, TX","48","Texas","201","Harris","29.625556","-95.267222"
"08/19/2019","AQS","482010062","1","43","ug/m3 SC","40","Houston Monroe","1","100.0000","81102","PM10 Total 0-10um STP","26420","Houston-The Woodlands-Sugar Land, TX","48","Texas","201","Harris","29.625556","-95.267222"
"08/25/2019","AQS","482010062","1","12","ug/m3 SC","11","Houston Monroe","1","100.0000","81102","PM10 Total 0-10um STP","26420","Houston-The Woodlands-Sugar Land, TX","48","Texas","201","Harris","29.625556","-95.267222"
"08/31/2019","AQS","482010062","1","23","ug/m3 SC","21","Houston Monroe","1","100.0000","81102","PM10 Total 0-10um STP","26420","Houston-The Woodlands-Sugar Land, TX","48","Texas","201","Harris","29.625556","-95.267222"
"09/06/2019","AQS","482010062","1","21","ug/m3 SC","19","Houston Monroe","1","100.0000","81102","PM10 Total 0-10um STP","26420","Houston-The Woodlands-Sugar Land, TX","48","Texas","201","Harris","29.625556","-95.267222"
"09/12/2019","AQS","482010062","1","18","ug/m3 SC","17","Houston Monroe","1","100.0000","81102","PM10 Total 0-10um STP","26420","Houston-The Woodlands-Sugar Land, TX","48","Texas","201","Harris","29.625556","-95.267222"
"09/24/2019","AQS","482010062","1","20","ug/m3 SC","19","Houston Monroe","1","100.0000","81102","PM10 Total 0-10um STP","26420","Houston-The Woodlands-Sugar Land, TX","48","Texas","201","Harris","29.625556","-95.267222"
"09/30/2019","AQS","482010062","1","18","ug/m3 SC","17","Houston Monroe","1","100.0000","81102","PM10 Total 0-10um STP","26420","Houston-The Woodlands-Sugar Land, TX","48","Texas","201","Harris","29.625556","-95.267222"
"10/06/2019","AQS","482010062","1","14","ug/m3 SC","13","Houston Monroe","1","100.0000","81102","PM10 Total 0-10um STP","26420","Houston-The Woodlands-Sugar Land, TX","48","Texas","201","Harris","29.625556","-95.267222"
"10/12/2019","AQS","482010062","1","14","ug/m3 SC","13","Houston Monroe","1","100.0000","81102","PM10 Total 0-10um STP","26420","Houston-The Woodlands-Sugar Land, TX","48","Texas","201","Harris","29.625556","-95.267222"
"10/18/2019","AQS","482010062","1","22","ug/m3 SC","20","Houston Monroe","1","100.0000","81102","PM10 Total 0-10um STP","26420","Houston-The Woodlands-Sugar Land, TX","48","Texas","201","Harris","29.625556","-95.267222"
"10/24/2019","AQS","482010062","1","23","ug/m3 SC","21","Houston Monroe","1","100.0000","81102","PM10 Total 0-10um STP","26420","Houston-The Woodlands-Sugar Land, TX","48","Texas","201","Harris","29.625556","-95.267222"
"10/30/2019","AQS","482010062","1","11","ug/m3 SC","10","Houston Monroe","1","100.0000","81102","PM10 Total 0-10um STP","26420","Houston-The Woodlands-Sugar Land, TX","48","Texas","201","Harris","29.625556","-95.267222"
"11/05/2019","AQS","482010062","1","19","ug/m3 SC","18","Houston Monroe","1","100.0000","81102","PM10 Total 0-10um STP","26420","Houston-The Woodlands-Sugar Land, TX","48","Texas","201","Harris","29.625556","-95.267222"
"11/11/2019","AQS","482010062","1","13","ug/m3 SC","12","Houston Monroe","1","100.0000","81102","PM10 Total 0-10um STP","26420","Houston-The Woodlands-Sugar Land, TX","48","Texas","201","Harris","29.625556","-95.267222"
"11/17/2019","AQS","482010062","1","21","ug/m3 SC","19","Houston Monroe","1","100.0000","81102","PM10 Total 0-10um STP","26420","Houston-The Woodlands-Sugar Land, TX","48","Texas","201","Harris","29.625556","-95.267222"
"11/23/2019","AQS","482010062","1","16","ug/m3 SC","15","Houston Monroe","1","100.0000","81102","PM10 Total 0-10um STP","26420","Houston-The Woodlands-Sugar Land, TX","48","Texas","201","Harris","29.625556","-95.267222"
"11/29/2019","AQS","482010062","1","12","ug/m3 SC","11","Houston Monroe","1","100.0000","81102","PM10 Total 0-10um STP","26420","Houston-The Woodlands-Sugar Land, TX","48","Texas","201","Harris","29.625556","-95.267222"
"12/05/2019","AQS","482010062","1","26","ug/m3 SC","24","Houston Monroe","1","100.0000","81102","PM10 Total 0-10um STP","26420","Houston-The Woodlands-Sugar Land, TX","48","Texas","201","Harris","29.625556","-95.267222"
"12/11/2019","AQS","482010062","1","13","ug/m3 SC","12","Houston Monroe","1","100.0000","81102","PM10 Total 0-10um STP","26420","Houston-The Woodlands-Sugar Land, TX","48","Texas","201","Harris","29.625556","-95.267222"
"12/17/2019","AQS","482010062","1","11","ug/m3 SC","10","Houston Monroe","1","100.0000","81102","PM10 Total 0-10um STP","26420","Houston-The Woodlands-Sugar Land, TX","48","Texas","201","Harris","29.625556","-95.267222"
"12/23/2019","AQS","482010062","1","33","ug/m3 SC","31","Houston Monroe","1","100.0000","81102","PM10 Total 0-10um STP","26420","Houston-The Woodlands-Sugar Land, TX","48","Texas","201","Harris","29.625556","-95.267222"
"12/29/2019","AQS","482010062","1","8","ug/m3 SC","7","Houston Monroe","1","100.0000","81102","PM10 Total 0-10um STP","26420","Houston-The Woodlands-Sugar Land, TX","48","Texas","201","Harris","29.625556","-95.267222"
"01/03/2019","AQS","482010066","1","3","ug/m3 SC","3","Houston Westhollow","1","100.0000","81102","PM10 Total 0-10um STP","26420","Houston-The Woodlands-Sugar Land, TX","48","Texas","201","Harris","29.723333","-95.635833"
"01/09/2019","AQS","482010066","1","14","ug/m3 SC","13","Houston Westhollow","1","100.0000","81102","PM10 Total 0-10um STP","26420","Houston-The Woodlands-Sugar Land, TX","48","Texas","201","Harris","29.723333","-95.635833"
"01/15/2019","AQS","482010066","1","24","ug/m3 SC","22","Houston Westhollow","1","100.0000","81102","PM10 Total 0-10um STP","26420","Houston-The Woodlands-Sugar Land, TX","48","Texas","201","Harris","29.723333","-95.635833"
"01/21/2019","AQS","482010066","1","11","ug/m3 SC","10","Houston Westhollow","1","100.0000","81102","PM10 Total 0-10um STP","26420","Houston-The Woodlands-Sugar Land, TX","48","Texas","201","Harris","29.723333","-95.635833"
"01/27/2019","AQS","482010066","1","9","ug/m3 SC","8","Houston Westhollow","1","100.0000","81102","PM10 Total 0-10um STP","26420","Houston-The Woodlands-Sugar Land, TX","48","Texas","201","Harris","29.723333","-95.635833"
"02/02/2019","AQS","482010066","1","10","ug/m3 SC","9","Houston Westhollow","1","100.0000","81102","PM10 Total 0-10um STP","26420","Houston-The Woodlands-Sugar Land, TX","48","Texas","201","Harris","29.723333","-95.635833"
"02/08/2019","AQS","482010066","1","7","ug/m3 SC","6","Houston Westhollow","1","100.0000","81102","PM10 Total 0-10um STP","26420","Houston-The Woodlands-Sugar Land, TX","48","Texas","201","Harris","29.723333","-95.635833"
"02/14/2019","AQS","482010066","1","20","ug/m3 SC","19","Houston Westhollow","1","100.0000","81102","PM10 Total 0-10um STP","26420","Houston-The Woodlands-Sugar Land, TX","48","Texas","201","Harris","29.723333","-95.635833"
"02/20/2019","AQS","482010066","1","8","ug/m3 SC","7","Houston Westhollow","1","100.0000","81102","PM10 Total 0-10um STP","26420","Houston-The Woodlands-Sugar Land, TX","48","Texas","201","Harris","29.723333","-95.635833"
"02/26/2019","AQS","482010066","1","15","ug/m3 SC","14","Houston Westhollow","1","100.0000","81102","PM10 Total 0-10um STP","26420","Houston-The Woodlands-Sugar Land, TX","48","Texas","201","Harris","29.723333","-95.635833"
"03/04/2019","AQS","482010066","1","12","ug/m3 SC","11","Houston Westhollow","1","100.0000","81102","PM10 Total 0-10um STP","26420","Houston-The Woodlands-Sugar Land, TX","48","Texas","201","Harris","29.723333","-95.635833"
"03/10/2019","AQS","482010066","1","15","ug/m3 SC","14","Houston Westhollow","1","100.0000","81102","PM10 Total 0-10um STP","26420","Houston-The Woodlands-Sugar Land, TX","48","Texas","201","Harris","29.723333","-95.635833"
"03/16/2019","AQS","482010066","1","10","ug/m3 SC","9","Houston Westhollow","1","100.0000","81102","PM10 Total 0-10um STP","26420","Houston-The Woodlands-Sugar Land, TX","48","Texas","201","Harris","29.723333","-95.635833"
"03/22/2019","AQS","482010066","1","18","ug/m3 SC","17","Houston Westhollow","1","100.0000","81102","PM10 Total 0-10um STP","26420","Houston-The Woodlands-Sugar Land, TX","48","Texas","201","Harris","29.723333","-95.635833"
"03/28/2019","AQS","482010066","1","15","ug/m3 SC","14","Houston Westhollow","1","100.0000","81102","PM10 Total 0-10um STP","26420","Houston-The Woodlands-Sugar Land, TX","48","Texas","201","Harris","29.723333","-95.635833"
"04/06/2019","AQS","482010066","1","18","ug/m3 SC","17","Houston Westhollow","1","100.0000","81102","PM10 Total 0-10um STP","26420","Houston-The Woodlands-Sugar Land, TX","48","Texas","201","Harris","29.723333","-95.635833"
"04/09/2019","AQS","482010066","1","14","ug/m3 SC","13","Houston Westhollow","1","100.0000","81102","PM10 Total 0-10um STP","26420","Houston-The Woodlands-Sugar Land, TX","48","Texas","201","Harris","29.723333","-95.635833"
"04/15/2019","AQS","482010066","1","13","ug/m3 SC","12","Houston Westhollow","1","100.0000","81102","PM10 Total 0-10um STP","26420","Houston-The Woodlands-Sugar Land, TX","48","Texas","201","Harris","29.723333","-95.635833"
"04/21/2019","AQS","482010066","1","11","ug/m3 SC","10","Houston Westhollow","1","100.0000","81102","PM10 Total 0-10um STP","26420","Houston-The Woodlands-Sugar Land, TX","48","Texas","201","Harris","29.723333","-95.635833"
"04/27/2019","AQS","482010066","1","18","ug/m3 SC","17","Houston Westhollow","1","100.0000","81102","PM10 Total 0-10um STP","26420","Houston-The Woodlands-Sugar Land, TX","48","Texas","201","Harris","29.723333","-95.635833"
"05/03/2019","AQS","482010066","1","14","ug/m3 SC","13","Houston Westhollow","1","100.0000","81102","PM10 Total 0-10um STP","26420","Houston-The Woodlands-Sugar Land, TX","48","Texas","201","Harris","29.723333","-95.635833"
"05/09/2019","AQS","482010066","1","22","ug/m3 SC","20","Houston Westhollow","1","100.0000","81102","PM10 Total 0-10um STP","26420","Houston-The Woodlands-Sugar Land, TX","48","Texas","201","Harris","29.723333","-95.635833"
"05/15/2019","AQS","482010066","1","13","ug/m3 SC","12","Houston Westhollow","1","100.0000","81102","PM10 Total 0-10um STP","26420","Houston-The Woodlands-Sugar Land, TX","48","Texas","201","Harris","29.723333","-95.635833"
"05/21/2019","AQS","482010066","1","30","ug/m3 SC","28","Houston Westhollow","1","100.0000","81102","PM10 Total 0-10um STP","26420","Houston-The Woodlands-Sugar Land, TX","48","Texas","201","Harris","29.723333","-95.635833"
"05/27/2019","AQS","482010066","1","15","ug/m3 SC","14","Houston Westhollow","1","100.0000","81102","PM10 Total 0-10um STP","26420","Houston-The Woodlands-Sugar Land, TX","48","Texas","201","Harris","29.723333","-95.635833"
"06/02/2019","AQS","482010066","1","9","ug/m3 SC","8","Houston Westhollow","1","100.0000","81102","PM10 Total 0-10um STP","26420","Houston-The Woodlands-Sugar Land, TX","48","Texas","201","Harris","29.723333","-95.635833"
"06/08/2019","AQS","482010066","1","14","ug/m3 SC","13","Houston Westhollow","1","100.0000","81102","PM10 Total 0-10um STP","26420","Houston-The Woodlands-Sugar Land, TX","48","Texas","201","Harris","29.723333","-95.635833"
"06/14/2019","AQS","482010066","1","16","ug/m3 SC","15","Houston Westhollow","1","100.0000","81102","PM10 Total 0-10um STP","26420","Houston-The Woodlands-Sugar Land, TX","48","Texas","201","Harris","29.723333","-95.635833"
"06/20/2019","AQS","482010066","1","28","ug/m3 SC","26","Houston Westhollow","1","100.0000","81102","PM10 Total 0-10um STP","26420","Houston-The Woodlands-Sugar Land, TX","48","Texas","201","Harris","29.723333","-95.635833"
"06/26/2019","AQS","482010066","1","31","ug/m3 SC","29","Houston Westhollow","1","100.0000","81102","PM10 Total 0-10um STP","26420","Houston-The Woodlands-Sugar Land, TX","48","Texas","201","Harris","29.723333","-95.635833"
"07/02/2019","AQS","482010066","1","12","ug/m3 SC","11","Houston Westhollow","1","100.0000","81102","PM10 Total 0-10um STP","26420","Houston-The Woodlands-Sugar Land, TX","48","Texas","201","Harris","29.723333","-95.635833"
"07/08/2019","AQS","482010066","1","14","ug/m3 SC","13","Houston Westhollow","1","100.0000","81102","PM10 Total 0-10um STP","26420","Houston-The Woodlands-Sugar Land, TX","48","Texas","201","Harris","29.723333","-95.635833"
"07/14/2019","AQS","482010066","1","10","ug/m3 SC","9","Houston Westhollow","1","100.0000","81102","PM10 Total 0-10um STP","26420","Houston-The Woodlands-Sugar Land, TX","48","Texas","201","Harris","29.723333","-95.635833"
"07/20/2019","AQS","482010066","1","17","ug/m3 SC","16","Houston Westhollow","1","100.0000","81102","PM10 Total 0-10um STP","26420","Houston-The Woodlands-Sugar Land, TX","48","Texas","201","Harris","29.723333","-95.635833"
"07/26/2019","AQS","482010066","1","19","ug/m3 SC","18","Houston Westhollow","1","100.0000","81102","PM10 Total 0-10um STP","26420","Houston-The Woodlands-Sugar Land, TX","48","Texas","201","Harris","29.723333","-95.635833"
"08/01/2019","AQS","482010066","1","17","ug/m3 SC","16","Houston Westhollow","1","100.0000","81102","PM10 Total 0-10um STP","26420","Houston-The Woodlands-Sugar Land, TX","48","Texas","201","Harris","29.723333","-95.635833"
"08/07/2019","AQS","482010066","1","24","ug/m3 SC","22","Houston Westhollow","1","100.0000","81102","PM10 Total 0-10um STP","26420","Houston-The Woodlands-Sugar Land, TX","48","Texas","201","Harris","29.723333","-95.635833"
"08/13/2019","AQS","482010066","1","14","ug/m3 SC","13","Houston Westhollow","1","100.0000","81102","PM10 Total 0-10um STP","26420","Houston-The Woodlands-Sugar Land, TX","48","Texas","201","Harris","29.723333","-95.635833"
"08/19/2019","AQS","482010066","1","33","ug/m3 SC","31","Houston Westhollow","1","100.0000","81102","PM10 Total 0-10um STP","26420","Houston-The Woodlands-Sugar Land, TX","48","Texas","201","Harris","29.723333","-95.635833"
"08/25/2019","AQS","482010066","1","11","ug/m3 SC","10","Houston Westhollow","1","100.0000","81102","PM10 Total 0-10um STP","26420","Houston-The Woodlands-Sugar Land, TX","48","Texas","201","Harris","29.723333","-95.635833"
"08/31/2019","AQS","482010066","1","15","ug/m3 SC","14","Houston Westhollow","1","100.0000","81102","PM10 Total 0-10um STP","26420","Houston-The Woodlands-Sugar Land, TX","48","Texas","201","Harris","29.723333","-95.635833"
"09/06/2019","AQS","482010066","1","16","ug/m3 SC","15","Houston Westhollow","1","100.0000","81102","PM10 Total 0-10um STP","26420","Houston-The Woodlands-Sugar Land, TX","48","Texas","201","Harris","29.723333","-95.635833"
"09/12/2019","AQS","482010066","1","15","ug/m3 SC","14","Houston Westhollow","1","100.0000","81102","PM10 Total 0-10um STP","26420","Houston-The Woodlands-Sugar Land, TX","48","Texas","201","Harris","29.723333","-95.635833"
"09/18/2019","AQS","482010066","1","10","ug/m3 SC","9","Houston Westhollow","1","100.0000","81102","PM10 Total 0-10um STP","26420","Houston-The Woodlands-Sugar Land, TX","48","Texas","201","Harris","29.723333","-95.635833"
"09/24/2019","AQS","482010066","1","14","ug/m3 SC","13","Houston Westhollow","1","100.0000","81102","PM10 Total 0-10um STP","26420","Houston-The Woodlands-Sugar Land, TX","48","Texas","201","Harris","29.723333","-95.635833"
"09/30/2019","AQS","482010066","1","15","ug/m3 SC","14","Houston Westhollow","1","100.0000","81102","PM10 Total 0-10um STP","26420","Houston-The Woodlands-Sugar Land, TX","48","Texas","201","Harris","29.723333","-95.635833"
"10/06/2019","AQS","482010066","1","14","ug/m3 SC","13","Houston Westhollow","1","100.0000","81102","PM10 Total 0-10um STP","26420","Houston-The Woodlands-Sugar Land, TX","48","Texas","201","Harris","29.723333","-95.635833"
"10/12/2019","AQS","482010066","1","8","ug/m3 SC","7","Houston Westhollow","1","100.0000","81102","PM10 Total 0-10um STP","26420","Houston-The Woodlands-Sugar Land, TX","48","Texas","201","Harris","29.723333","-95.635833"
"10/18/2019","AQS","482010066","1","17","ug/m3 SC","16","Houston Westhollow","1","100.0000","81102","PM10 Total 0-10um STP","26420","Houston-The Woodlands-Sugar Land, TX","48","Texas","201","Harris","29.723333","-95.635833"
"10/24/2019","AQS","482010066","1","19","ug/m3 SC","18","Houston Westhollow","1","100.0000","81102","PM10 Total 0-10um STP","26420","Houston-The Woodlands-Sugar Land, TX","48","Texas","201","Harris","29.723333","-95.635833"
"10/30/2019","AQS","482010066","1","5","ug/m3 SC","5","Houston Westhollow","1","100.0000","81102","PM10 Total 0-10um STP","26420","Houston-The Woodlands-Sugar Land, TX","48","Texas","201","Harris","29.723333","-95.635833"
"11/05/2019","AQS","482010066","1","14","ug/m3 SC","13","Houston Westhollow","1","100.0000","81102","PM10 Total 0-10um STP","26420","Houston-The Woodlands-Sugar Land, TX","48","Texas","201","Harris","29.723333","-95.635833"
"11/11/2019","AQS","482010066","1","12","ug/m3 SC","11","Houston Westhollow","1","100.0000","81102","PM10 Total 0-10um STP","26420","Houston-The Woodlands-Sugar Land, TX","48","Texas","201","Harris","29.723333","-95.635833"
"11/17/2019","AQS","482010066","1","17","ug/m3 SC","16","Houston Westhollow","1","100.0000","81102","PM10 Total 0-10um STP","26420","Houston-The Woodlands-Sugar Land, TX","48","Texas","201","Harris","29.723333","-95.635833"
"11/23/2019","AQS","482010066","1","8","ug/m3 SC","7","Houston Westhollow","1","100.0000","81102","PM10 Total 0-10um STP","26420","Houston-The Woodlands-Sugar Land, TX","48","Texas","201","Harris","29.723333","-95.635833"
"11/29/2019","AQS","482010066","1","13","ug/m3 SC","12","Houston Westhollow","1","100.0000","81102","PM10 Total 0-10um STP","26420","Houston-The Woodlands-Sugar Land, TX","48","Texas","201","Harris","29.723333","-95.635833"
"12/05/2019","AQS","482010066","1","20","ug/m3 SC","19","Houston Westhollow","1","100.0000","81102","PM10 Total 0-10um STP","26420","Houston-The Woodlands-Sugar Land, TX","48","Texas","201","Harris","29.723333","-95.635833"
"12/11/2019","AQS","482010066","1","7","ug/m3 SC","6","Houston Westhollow","1","100.0000","81102","PM10 Total 0-10um STP","26420","Houston-The Woodlands-Sugar Land, TX","48","Texas","201","Harris","29.723333","-95.635833"
"12/17/2019","AQS","482010066","1","8","ug/m3 SC","7","Houston Westhollow","1","100.0000","81102","PM10 Total 0-10um STP","26420","Houston-The Woodlands-Sugar Land, TX","48","Texas","201","Harris","29.723333","-95.635833"
"12/23/2019","AQS","482010066","1","14","ug/m3 SC","13","Houston Westhollow","1","100.0000","81102","PM10 Total 0-10um STP","26420","Houston-The Woodlands-Sugar Land, TX","48","Texas","201","Harris","29.723333","-95.635833"
"12/29/2019","AQS","482010066","1","7","ug/m3 SC","6","Houston Westhollow","1","100.0000","81102","PM10 Total 0-10um STP","26420","Houston-The Woodlands-Sugar Land, TX","48","Texas","201","Harris","29.723333","-95.635833"
"01/03/2019","AQS","482011035","1","7","ug/m3 SC","6","Clinton","1","100.0000","81102","PM10 Total 0-10um STP","26420","Houston-The Woodlands-Sugar Land, TX","48","Texas","201","Harris","29.733726","-95.257593"
"01/09/2019","AQS","482011035","1","20","ug/m3 SC","19","Clinton","1","100.0000","81102","PM10 Total 0-10um STP","26420","Houston-The Woodlands-Sugar Land, TX","48","Texas","201","Harris","29.733726","-95.257593"
"01/15/2019","AQS","482011035","1","41","ug/m3 SC","38","Clinton","1","100.0000","81102","PM10 Total 0-10um STP","26420","Houston-The Woodlands-Sugar Land, TX","48","Texas","201","Harris","29.733726","-95.257593"
"01/21/2019","AQS","482011035","1","27","ug/m3 SC","25","Clinton","1","100.0000","81102","PM10 Total 0-10um STP","26420","Houston-The Woodlands-Sugar Land, TX","48","Texas","201","Harris","29.733726","-95.257593"
"01/27/2019","AQS","482011035","1","18","ug/m3 SC","17","Clinton","1","100.0000","81102","PM10 Total 0-10um STP","26420","Houston-The Woodlands-Sugar Land, TX","48","Texas","201","Harris","29.733726","-95.257593"
"02/02/2019","AQS","482011035","1","15","ug/m3 SC","14","Clinton","1","100.0000","81102","PM10 Total 0-10um STP","26420","Houston-The Woodlands-Sugar Land, TX","48","Texas","201","Harris","29.733726","-95.257593"
"02/08/2019","AQS","482011035","1","10","ug/m3 SC","9","Clinton","1","100.0000","81102","PM10 Total 0-10um STP","26420","Houston-The Woodlands-Sugar Land, TX","48","Texas","201","Harris","29.733726","-95.257593"
"02/14/2019","AQS","482011035","1","54","ug/m3 SC","50","Clinton","1","100.0000","81102","PM10 Total 0-10um STP","26420","Houston-The Woodlands-Sugar Land, TX","48","Texas","201","Harris","29.733726","-95.257593"
"02/20/2019","AQS","482011035","1","13","ug/m3 SC","12","Clinton","1","100.0000","81102","PM10 Total 0-10um STP","26420","Houston-The Woodlands-Sugar Land, TX","48","Texas","201","Harris","29.733726","-95.257593"
"02/26/2019","AQS","482011035","1","22","ug/m3 SC","20","Clinton","1","100.0000","81102","PM10 Total 0-10um STP","26420","Houston-The Woodlands-Sugar Land, TX","48","Texas","201","Harris","29.733726","-95.257593"
"03/04/2019","AQS","482011035","1","18","ug/m3 SC","17","Clinton","1","100.0000","81102","PM10 Total 0-10um STP","26420","Houston-The Woodlands-Sugar Land, TX","48","Texas","201","Harris","29.733726","-95.257593"
"03/10/2019","AQS","482011035","1","16","ug/m3 SC","15","Clinton","1","100.0000","81102","PM10 Total 0-10um STP","26420","Houston-The Woodlands-Sugar Land, TX","48","Texas","201","Harris","29.733726","-95.257593"
"03/16/2019","AQS","482011035","1","15","ug/m3 SC","14","Clinton","1","100.0000","81102","PM10 Total 0-10um STP","26420","Houston-The Woodlands-Sugar Land, TX","48","Texas","201","Harris","29.733726","-95.257593"
"03/28/2019","AQS","482011035","1","47","ug/m3 SC","44","Clinton","1","100.0000","81102","PM10 Total 0-10um STP","26420","Houston-The Woodlands-Sugar Land, TX","48","Texas","201","Harris","29.733726","-95.257593"
"04/03/2019","AQS","482011035","1","59","ug/m3 SC","53","Clinton","1","100.0000","81102","PM10 Total 0-10um STP","26420","Houston-The Woodlands-Sugar Land, TX","48","Texas","201","Harris","29.733726","-95.257593"
"04/11/2019","AQS","482011035","1","60","ug/m3 SC","53","Clinton","1","100.0000","81102","PM10 Total 0-10um STP","26420","Houston-The Woodlands-Sugar Land, TX","48","Texas","201","Harris","29.733726","-95.257593"
"04/15/2019","AQS","482011035","1","42","ug/m3 SC","39","Clinton","1","100.0000","81102","PM10 Total 0-10um STP","26420","Houston-The Woodlands-Sugar Land, TX","48","Texas","201","Harris","29.733726","-95.257593"
"04/21/2019","AQS","482011035","1","20","ug/m3 SC","19","Clinton","1","100.0000","81102","PM10 Total 0-10um STP","26420","Houston-The Woodlands-Sugar Land, TX","48","Texas","201","Harris","29.733726","-95.257593"
"04/27/2019","AQS","482011035","1","34","ug/m3 SC","31","Clinton","1","100.0000","81102","PM10 Total 0-10um STP","26420","Houston-The Woodlands-Sugar Land, TX","48","Texas","201","Harris","29.733726","-95.257593"
"05/07/2019","AQS","482011035","1","25","ug/m3 SC","23","Clinton","1","100.0000","81102","PM10 Total 0-10um STP","26420","Houston-The Woodlands-Sugar Land, TX","48","Texas","201","Harris","29.733726","-95.257593"
"05/09/2019","AQS","482011035","1","37","ug/m3 SC","34","Clinton","1","100.0000","81102","PM10 Total 0-10um STP","26420","Houston-The Woodlands-Sugar Land, TX","48","Texas","201","Harris","29.733726","-95.257593"
"05/15/2019","AQS","482011035","1","26","ug/m3 SC","24","Clinton","1","100.0000","81102","PM10 Total 0-10um STP","26420","Houston-The Woodlands-Sugar Land, TX","48","Texas","201","Harris","29.733726","-95.257593"
"05/21/2019","AQS","482011035","1","64","ug/m3 SC","55","Clinton","1","100.0000","81102","PM10 Total 0-10um STP","26420","Houston-The Woodlands-Sugar Land, TX","48","Texas","201","Harris","29.733726","-95.257593"
"05/27/2019","AQS","482011035","1","27","ug/m3 SC","25","Clinton","1","100.0000","81102","PM10 Total 0-10um STP","26420","Houston-The Woodlands-Sugar Land, TX","48","Texas","201","Harris","29.733726","-95.257593"
"06/02/2019","AQS","482011035","1","13","ug/m3 SC","12","Clinton","1","100.0000","81102","PM10 Total 0-10um STP","26420","Houston-The Woodlands-Sugar Land, TX","48","Texas","201","Harris","29.733726","-95.257593"
"06/12/2019","AQS","482011035","1","29","ug/m3 SC","27","Clinton","1","100.0000","81102","PM10 Total 0-10um STP","26420","Houston-The Woodlands-Sugar Land, TX","48","Texas","201","Harris","29.733726","-95.257593"
"06/20/2019","AQS","482011035","1","60","ug/m3 SC","53","Clinton","1","100.0000","81102","PM10 Total 0-10um STP","26420","Houston-The Woodlands-Sugar Land, TX","48","Texas","201","Harris","29.733726","-95.257593"
"06/26/2019","AQS","482011035","1","48","ug/m3 SC","44","Clinton","1","100.0000","81102","PM10 Total 0-10um STP","26420","Houston-The Woodlands-Sugar Land, TX","48","Texas","201","Harris","29.733726","-95.257593"
"07/02/2019","AQS","482011035","1","33","ug/m3 SC","31","Clinton","1","100.0000","81102","PM10 Total 0-10um STP","26420","Houston-The Woodlands-Sugar Land, TX","48","Texas","201","Harris","29.733726","-95.257593"
"07/08/2019","AQS","482011035","1","47","ug/m3 SC","44","Clinton","1","100.0000","81102","PM10 Total 0-10um STP","26420","Houston-The Woodlands-Sugar Land, TX","48","Texas","201","Harris","29.733726","-95.257593"
"07/14/2019","AQS","482011035","1","17","ug/m3 SC","16","Clinton","1","100.0000","81102","PM10 Total 0-10um STP","26420","Houston-The Woodlands-Sugar Land, TX","48","Texas","201","Harris","29.733726","-95.257593"
"07/20/2019","AQS","482011035","1","28","ug/m3 SC","26","Clinton","1","100.0000","81102","PM10 Total 0-10um STP","26420","Houston-The Woodlands-Sugar Land, TX","48","Texas","201","Harris","29.733726","-95.257593"
"07/26/2019","AQS","482011035","1","27","ug/m3 SC","25","Clinton","1","100.0000","81102","PM10 Total 0-10um STP","26420","Houston-The Woodlands-Sugar Land, TX","48","Texas","201","Harris","29.733726","-95.257593"
"08/01/2019","AQS","482011035","1","29","ug/m3 SC","27","Clinton","1","100.0000","81102","PM10 Total 0-10um STP","26420","Houston-The Woodlands-Sugar Land, TX","48","Texas","201","Harris","29.733726","-95.257593"
"08/07/2019","AQS","482011035","1","51","ug/m3 SC","47","Clinton","1","100.0000","81102","PM10 Total 0-10um STP","26420","Houston-The Woodlands-Sugar Land, TX","48","Texas","201","Harris","29.733726","-95.257593"
"08/15/2019","AQS","482011035","1","23","ug/m3 SC","21","Clinton","1","100.0000","81102","PM10 Total 0-10um STP","26420","Houston-The Woodlands-Sugar Land, TX","48","Texas","201","Harris","29.733726","-95.257593"
"08/19/2019","AQS","482011035","1","56","ug/m3 SC","51","Clinton","1","100.0000","81102","PM10 Total 0-10um STP","26420","Houston-The Woodlands-Sugar Land, TX","48","Texas","201","Harris","29.733726","-95.257593"
"08/25/2019","AQS","482011035","1","13","ug/m3 SC","12","Clinton","1","100.0000","81102","PM10 Total 0-10um STP","26420","Houston-The Woodlands-Sugar Land, TX","48","Texas","201","Harris","29.733726","-95.257593"
"08/31/2019","AQS","482011035","1","20","ug/m3 SC","19","Clinton","1","100.0000","81102","PM10 Total 0-10um STP","26420","Houston-The Woodlands-Sugar Land, TX","48","Texas","201","Harris","29.733726","-95.257593"
"09/06/2019","AQS","482011035","1","29","ug/m3 SC","27","Clinton","1","100.0000","81102","PM10 Total 0-10um STP","26420","Houston-The Woodlands-Sugar Land, TX","48","Texas","201","Harris","29.733726","-95.257593"
"09/12/2019","AQS","482011035","1","23","ug/m3 SC","21","Clinton","1","100.0000","81102","PM10 Total 0-10um STP","26420","Houston-The Woodlands-Sugar Land, TX","48","Texas","201","Harris","29.733726","-95.257593"
"09/18/2019","AQS","482011035","1","11","ug/m3 SC","10","Clinton","1","100.0000","81102","PM10 Total 0-10um STP","26420","Houston-The Woodlands-Sugar Land, TX","48","Texas","201","Harris","29.733726","-95.257593"
"09/24/2019","AQS","482011035","1","33","ug/m3 SC","31","Clinton","1","100.0000","81102","PM10 Total 0-10um STP","26420","Houston-The Woodlands-Sugar Land, TX","48","Texas","201","Harris","29.733726","-95.257593"
"09/30/2019","AQS","482011035","1","42","ug/m3 SC","39","Clinton","1","100.0000","81102","PM10 Total 0-10um STP","26420","Houston-The Woodlands-Sugar Land, TX","48","Texas","201","Harris","29.733726","-95.257593"
"10/06/2019","AQS","482011035","1","15","ug/m3 SC","14","Clinton","1","100.0000","81102","PM10 Total 0-10um STP","26420","Houston-The Woodlands-Sugar Land, TX","48","Texas","201","Harris","29.733726","-95.257593"
"10/12/2019","AQS","482011035","1","12","ug/m3 SC","11","Clinton","1","100.0000","81102","PM10 Total 0-10um STP","26420","Houston-The Woodlands-Sugar Land, TX","48","Texas","201","Harris","29.733726","-95.257593"
"10/18/2019","AQS","482011035","1","23","ug/m3 SC","21","Clinton","1","100.0000","81102","PM10 Total 0-10um STP","26420","Houston-The Woodlands-Sugar Land, TX","48","Texas","201","Harris","29.733726","-95.257593"
"10/26/2019","AQS","482011035","1","14","ug/m3 SC","13","Clinton","1","100.0000","81102","PM10 Total 0-10um STP","26420","Houston-The Woodlands-Sugar Land, TX","48","Texas","201","Harris","29.733726","-95.257593"
"10/30/2019","AQS","482011035","1","12","ug/m3 SC","11","Clinton","1","100.0000","81102","PM10 Total 0-10um STP","26420","Houston-The Woodlands-Sugar Land, TX","48","Texas","201","Harris","29.733726","-95.257593"
"11/05/2019","AQS","482011035","1","24","ug/m3 SC","22","Clinton","1","100.0000","81102","PM10 Total 0-10um STP","26420","Houston-The Woodlands-Sugar Land, TX","48","Texas","201","Harris","29.733726","-95.257593"
"11/11/2019","AQS","482011035","1","44","ug/m3 SC","41","Clinton","1","100.0000","81102","PM10 Total 0-10um STP","26420","Houston-The Woodlands-Sugar Land, TX","48","Texas","201","Harris","29.733726","-95.257593"
"11/17/2019","AQS","482011035","1","30","ug/m3 SC","28","Clinton","1","100.0000","81102","PM10 Total 0-10um STP","26420","Houston-The Woodlands-Sugar Land, TX","48","Texas","201","Harris","29.733726","-95.257593"
"11/23/2019","AQS","482011035","1","19","ug/m3 SC","18","Clinton","1","100.0000","81102","PM10 Total 0-10um STP","26420","Houston-The Woodlands-Sugar Land, TX","48","Texas","201","Harris","29.733726","-95.257593"
"11/29/2019","AQS","482011035","1","17","ug/m3 SC","16","Clinton","1","100.0000","81102","PM10 Total 0-10um STP","26420","Houston-The Woodlands-Sugar Land, TX","48","Texas","201","Harris","29.733726","-95.257593"
"12/07/2019","AQS","482011035","1","24","ug/m3 SC","22","Clinton","1","100.0000","81102","PM10 Total 0-10um STP","26420","Houston-The Woodlands-Sugar Land, TX","48","Texas","201","Harris","29.733726","-95.257593"
"12/11/2019","AQS","482011035","1","11","ug/m3 SC","10","Clinton","1","100.0000","81102","PM10 Total 0-10um STP","26420","Houston-The Woodlands-Sugar Land, TX","48","Texas","201","Harris","29.733726","-95.257593"
"12/17/2019","AQS","482011035","1","12","ug/m3 SC","11","Clinton","1","100.0000","81102","PM10 Total 0-10um STP","26420","Houston-The Woodlands-Sugar Land, TX","48","Texas","201","Harris","29.733726","-95.257593"
"12/23/2019","AQS","482011035","1","40","ug/m3 SC","37","Clinton","1","100.0000","81102","PM10 Total 0-10um STP","26420","Houston-The Woodlands-Sugar Land, TX","48","Texas","201","Harris","29.733726","-95.257593"
"12/29/2019","AQS","482011035","1","8","ug/m3 SC","7","Clinton","1","100.0000","81102","PM10 Total 0-10um STP","26420","Houston-The Woodlands-Sugar Land, TX","48","Texas","201","Harris","29.733726","-95.257593"
"01/03/2019","AQS","482011035","2","7","ug/m3 SC","6","Clinton","1","100.0000","81102","PM10 Total 0-10um STP","26420","Houston-The Woodlands-Sugar Land, TX","48","Texas","201","Harris","29.733726","-95.257593"
"01/09/2019","AQS","482011035","2","21","ug/m3 SC","19","Clinton","1","100.0000","81102","PM10 Total 0-10um STP","26420","Houston-The Woodlands-Sugar Land, TX","48","Texas","201","Harris","29.733726","-95.257593"
"01/15/2019","AQS","482011035","2","43","ug/m3 SC","40","Clinton","1","100.0000","81102","PM10 Total 0-10um STP","26420","Houston-The Woodlands-Sugar Land, TX","48","Texas","201","Harris","29.733726","-95.257593"
"01/21/2019","AQS","482011035","2","29","ug/m3 SC","27","Clinton","1","100.0000","81102","PM10 Total 0-10um STP","26420","Houston-The Woodlands-Sugar Land, TX","48","Texas","201","Harris","29.733726","-95.257593"
"01/27/2019","AQS","482011035","2","19","ug/m3 SC","18","Clinton","1","100.0000","81102","PM10 Total 0-10um STP","26420","Houston-The Woodlands-Sugar Land, TX","48","Texas","201","Harris","29.733726","-95.257593"
"02/02/2019","AQS","482011035","2","15","ug/m3 SC","14","Clinton","1","100.0000","81102","PM10 Total 0-10um STP","26420","Houston-The Woodlands-Sugar Land, TX","48","Texas","201","Harris","29.733726","-95.257593"
"02/08/2019","AQS","482011035","2","11","ug/m3 SC","10","Clinton","1","100.0000","81102","PM10 Total 0-10um STP","26420","Houston-The Woodlands-Sugar Land, TX","48","Texas","201","Harris","29.733726","-95.257593"
"02/14/2019","AQS","482011035","2","54","ug/m3 SC","50","Clinton","1","100.0000","81102","PM10 Total 0-10um STP","26420","Houston-The Woodlands-Sugar Land, TX","48","Texas","201","Harris","29.733726","-95.257593"
"02/20/2019","AQS","482011035","2","13","ug/m3 SC","12","Clinton","1","100.0000","81102","PM10 Total 0-10um STP","26420","Houston-The Woodlands-Sugar Land, TX","48","Texas","201","Harris","29.733726","-95.257593"
"02/26/2019","AQS","482011035","2","23","ug/m3 SC","21","Clinton","1","100.0000","81102","PM10 Total 0-10um STP","26420","Houston-The Woodlands-Sugar Land, TX","48","Texas","201","Harris","29.733726","-95.257593"
"03/04/2019","AQS","482011035","2","18","ug/m3 SC","17","Clinton","1","100.0000","81102","PM10 Total 0-10um STP","26420","Houston-The Woodlands-Sugar Land, TX","48","Texas","201","Harris","29.733726","-95.257593"
"03/10/2019","AQS","482011035","2","16","ug/m3 SC","15","Clinton","1","100.0000","81102","PM10 Total 0-10um STP","26420","Houston-The Woodlands-Sugar Land, TX","48","Texas","201","Harris","29.733726","-95.257593"
"03/16/2019","AQS","482011035","2","16","ug/m3 SC","15","Clinton","1","100.0000","81102","PM10 Total 0-10um STP","26420","Houston-The Woodlands-Sugar Land, TX","48","Texas","201","Harris","29.733726","-95.257593"
"03/22/2019","AQS","482011035","2","59","ug/m3 SC","53","Clinton","1","100.0000","81102","PM10 Total 0-10um STP","26420","Houston-The Woodlands-Sugar Land, TX","48","Texas","201","Harris","29.733726","-95.257593"
"03/28/2019","AQS","482011035","2","48","ug/m3 SC","44","Clinton","1","100.0000","81102","PM10 Total 0-10um STP","26420","Houston-The Woodlands-Sugar Land, TX","48","Texas","201","Harris","29.733726","-95.257593"
"04/03/2019","AQS","482011035","2","63","ug/m3 SC","55","Clinton","1","100.0000","81102","PM10 Total 0-10um STP","26420","Houston-The Woodlands-Sugar Land, TX","48","Texas","201","Harris","29.733726","-95.257593"
"04/09/2019","AQS","482011035","2","50","ug/m3 SC","46","Clinton","1","100.0000","81102","PM10 Total 0-10um STP","26420","Houston-The Woodlands-Sugar Land, TX","48","Texas","201","Harris","29.733726","-95.257593"
"04/15/2019","AQS","482011035","2","43","ug/m3 SC","40","Clinton","1","100.0000","81102","PM10 Total 0-10um STP","26420","Houston-The Woodlands-Sugar Land, TX","48","Texas","201","Harris","29.733726","-95.257593"
"04/21/2019","AQS","482011035","2","19","ug/m3 SC","18","Clinton","1","100.0000","81102","PM10 Total 0-10um STP","26420","Houston-The Woodlands-Sugar Land, TX","48","Texas","201","Harris","29.733726","-95.257593"
"04/27/2019","AQS","482011035","2","35","ug/m3 SC","32","Clinton","1","100.0000","81102","PM10 Total 0-10um STP","26420","Houston-The Woodlands-Sugar Land, TX","48","Texas","201","Harris","29.733726","-95.257593"
"05/07/2019","AQS","482011035","2","25","ug/m3 SC","23","Clinton","1","100.0000","81102","PM10 Total 0-10um STP","26420","Houston-The Woodlands-Sugar Land, TX","48","Texas","201","Harris","29.733726","-95.257593"
"05/09/2019","AQS","482011035","2","38","ug/m3 SC","35","Clinton","1","100.0000","81102","PM10 Total 0-10um STP","26420","Houston-The Woodlands-Sugar Land, TX","48","Texas","201","Harris","29.733726","-95.257593"
"05/15/2019","AQS","482011035","2","28","ug/m3 SC","26","Clinton","1","100.0000","81102","PM10 Total 0-10um STP","26420","Houston-The Woodlands-Sugar Land, TX","48","Texas","201","Harris","29.733726","-95.257593"
"05/21/2019","AQS","482011035","2","66","ug/m3 SC","56","Clinton","1","100.0000","81102","PM10 Total 0-10um STP","26420","Houston-The Woodlands-Sugar Land, TX","48","Texas","201","Harris","29.733726","-95.257593"
"05/27/2019","AQS","482011035","2","27","ug/m3 SC","25","Clinton","1","100.0000","81102","PM10 Total 0-10um STP","26420","Houston-The Woodlands-Sugar Land, TX","48","Texas","201","Harris","29.733726","-95.257593"
"06/02/2019","AQS","482011035","2","14","ug/m3 SC","13","Clinton","1","100.0000","81102","PM10 Total 0-10um STP","26420","Houston-The Woodlands-Sugar Land, TX","48","Texas","201","Harris","29.733726","-95.257593"
"06/12/2019","AQS","482011035","2","30","ug/m3 SC","28","Clinton","1","100.0000","81102","PM10 Total 0-10um STP","26420","Houston-The Woodlands-Sugar Land, TX","48","Texas","201","Harris","29.733726","-95.257593"
"06/14/2019","AQS","482011035","2","46","ug/m3 SC","43","Clinton","1","100.0000","81102","PM10 Total 0-10um STP","26420","Houston-The Woodlands-Sugar Land, TX","48","Texas","201","Harris","29.733726","-95.257593"
"06/20/2019","AQS","482011035","2","63","ug/m3 SC","55","Clinton","1","100.0000","81102","PM10 Total 0-10um STP","26420","Houston-The Woodlands-Sugar Land, TX","48","Texas","201","Harris","29.733726","-95.257593"
"06/26/2019","AQS","482011035","2","51","ug/m3 SC","47","Clinton","1","100.0000","81102","PM10 Total 0-10um STP","26420","Houston-The Woodlands-Sugar Land, TX","48","Texas","201","Harris","29.733726","-95.257593"
"07/02/2019","AQS","482011035","2","34","ug/m3 SC","31","Clinton","1","100.0000","81102","PM10 Total 0-10um STP","26420","Houston-The Woodlands-Sugar Land, TX","48","Texas","201","Harris","29.733726","-95.257593"
"07/08/2019","AQS","482011035","2","50","ug/m3 SC","46","Clinton","1","100.0000","81102","PM10 Total 0-10um STP","26420","Houston-The Woodlands-Sugar Land, TX","48","Texas","201","Harris","29.733726","-95.257593"
"07/14/2019","AQS","482011035","2","16","ug/m3 SC","15","Clinton","1","100.0000","81102","PM10 Total 0-10um STP","26420","Houston-The Woodlands-Sugar Land, TX","48","Texas","201","Harris","29.733726","-95.257593"
"07/20/2019","AQS","482011035","2","30","ug/m3 SC","28","Clinton","1","100.0000","81102","PM10 Total 0-10um STP","26420","Houston-The Woodlands-Sugar Land, TX","48","Texas","201","Harris","29.733726","-95.257593"
"07/26/2019","AQS","482011035","2","28","ug/m3 SC","26","Clinton","1","100.0000","81102","PM10 Total 0-10um STP","26420","Houston-The Woodlands-Sugar Land, TX","48","Texas","201","Harris","29.733726","-95.257593"
"08/01/2019","AQS","482011035","2","30","ug/m3 SC","28","Clinton","1","100.0000","81102","PM10 Total 0-10um STP","26420","Houston-The Woodlands-Sugar Land, TX","48","Texas","201","Harris","29.733726","-95.257593"
"08/07/2019","AQS","482011035","2","52","ug/m3 SC","48","Clinton","1","100.0000","81102","PM10 Total 0-10um STP","26420","Houston-The Woodlands-Sugar Land, TX","48","Texas","201","Harris","29.733726","-95.257593"
"08/15/2019","AQS","482011035","2","24","ug/m3 SC","22","Clinton","1","100.0000","81102","PM10 Total 0-10um STP","26420","Houston-The Woodlands-Sugar Land, TX","48","Texas","201","Harris","29.733726","-95.257593"
"08/19/2019","AQS","482011035","2","55","ug/m3 SC","51","Clinton","1","100.0000","81102","PM10 Total 0-10um STP","26420","Houston-The Woodlands-Sugar Land, TX","48","Texas","201","Harris","29.733726","-95.257593"
"08/25/2019","AQS","482011035","2","14","ug/m3 SC","13","Clinton","1","100.0000","81102","PM10 Total 0-10um STP","26420","Houston-The Woodlands-Sugar Land, TX","48","Texas","201","Harris","29.733726","-95.257593"
"08/31/2019","AQS","482011035","2","20","ug/m3 SC","19","Clinton","1","100.0000","81102","PM10 Total 0-10um STP","26420","Houston-The Woodlands-Sugar Land, TX","48","Texas","201","Harris","29.733726","-95.257593"
"09/06/2019","AQS","482011035","2","27","ug/m3 SC","25","Clinton","1","100.0000","81102","PM10 Total 0-10um STP","26420","Houston-The Woodlands-Sugar Land, TX","48","Texas","201","Harris","29.733726","-95.257593"
"09/12/2019","AQS","482011035","2","21","ug/m3 SC","19","Clinton","1","100.0000","81102","PM10 Total 0-10um STP","26420","Houston-The Woodlands-Sugar Land, TX","48","Texas","201","Harris","29.733726","-95.257593"
"09/18/2019","AQS","482011035","2","10","ug/m3 SC","9","Clinton","1","100.0000","81102","PM10 Total 0-10um STP","26420","Houston-The Woodlands-Sugar Land, TX","48","Texas","201","Harris","29.733726","-95.257593"
"09/24/2019","AQS","482011035","2","28","ug/m3 SC","26","Clinton","1","100.0000","81102","PM10 Total 0-10um STP","26420","Houston-The Woodlands-Sugar Land, TX","48","Texas","201","Harris","29.733726","-95.257593"
"09/30/2019","AQS","482011035","2","39","ug/m3 SC","36","Clinton","1","100.0000","81102","PM10 Total 0-10um STP","26420","Houston-The Woodlands-Sugar Land, TX","48","Texas","201","Harris","29.733726","-95.257593"
"10/06/2019","AQS","482011035","2","15","ug/m3 SC","14","Clinton","1","100.0000","81102","PM10 Total 0-10um STP","26420","Houston-The Woodlands-Sugar Land, TX","48","Texas","201","Harris","29.733726","-95.257593"
"10/12/2019","AQS","482011035","2","11","ug/m3 SC","10","Clinton","1","100.0000","81102","PM10 Total 0-10um STP","26420","Houston-The Woodlands-Sugar Land, TX","48","Texas","201","Harris","29.733726","-95.257593"
"10/18/2019","AQS","482011035","2","22","ug/m3 SC","20","Clinton","1","100.0000","81102","PM10 Total 0-10um STP","26420","Houston-The Woodlands-Sugar Land, TX","48","Texas","201","Harris","29.733726","-95.257593"
"10/26/2019","AQS","482011035","2","13","ug/m3 SC","12","Clinton","1","100.0000","81102","PM10 Total 0-10um STP","26420","Houston-The Woodlands-Sugar Land, TX","48","Texas","201","Harris","29.733726","-95.257593"
"10/30/2019","AQS","482011035","2","12","ug/m3 SC","11","Clinton","1","100.0000","81102","PM10 Total 0-10um STP","26420","Houston-The Woodlands-Sugar Land, TX","48","Texas","201","Harris","29.733726","-95.257593"
"11/05/2019","AQS","482011035","2","21","ug/m3 SC","19","Clinton","1","100.0000","81102","PM10 Total 0-10um STP","26420","Houston-The Woodlands-Sugar Land, TX","48","Texas","201","Harris","29.733726","-95.257593"
"11/11/2019","AQS","482011035","2","40","ug/m3 SC","37","Clinton","1","100.0000","81102","PM10 Total 0-10um STP","26420","Houston-The Woodlands-Sugar Land, TX","48","Texas","201","Harris","29.733726","-95.257593"
"11/17/2019","AQS","482011035","2","28","ug/m3 SC","26","Clinton","1","100.0000","81102","PM10 Total 0-10um STP","26420","Houston-The Woodlands-Sugar Land, TX","48","Texas","201","Harris","29.733726","-95.257593"
"11/23/2019","AQS","482011035","2","19","ug/m3 SC","18","Clinton","1","100.0000","81102","PM10 Total 0-10um STP","26420","Houston-The Woodlands-Sugar Land, TX","48","Texas","201","Harris","29.733726","-95.257593"
"11/29/2019","AQS","482011035","2","15","ug/m3 SC","14","Clinton","1","100.0000","81102","PM10 Total 0-10um STP","26420","Houston-The Woodlands-Sugar Land, TX","48","Texas","201","Harris","29.733726","-95.257593"
"12/05/2019","AQS","482011035","2","48","ug/m3 SC","44","Clinton","1","100.0000","81102","PM10 Total 0-10um STP","26420","Houston-The Woodlands-Sugar Land, TX","48","Texas","201","Harris","29.733726","-95.257593"
"12/11/2019","AQS","482011035","2","11","ug/m3 SC","10","Clinton","1","100.0000","81102","PM10 Total 0-10um STP","26420","Houston-The Woodlands-Sugar Land, TX","48","Texas","201","Harris","29.733726","-95.257593"
"12/17/2019","AQS","482011035","2","12","ug/m3 SC","11","Clinton","1","100.0000","81102","PM10 Total 0-10um STP","26420","Houston-The Woodlands-Sugar Land, TX","48","Texas","201","Harris","29.733726","-95.257593"
"12/23/2019","AQS","482011035","2","40","ug/m3 SC","37","Clinton","1","100.0000","81102","PM10 Total 0-10um STP","26420","Houston-The Woodlands-Sugar Land, TX","48","Texas","201","Harris","29.733726","-95.257593"
"12/29/2019","AQS","482011035","2","9","ug/m3 SC","8","Clinton","1","100.0000","81102","PM10 Total 0-10um STP","26420","Houston-The Woodlands-Sugar Land, TX","48","Texas","201","Harris","29.733726","-95.257593"
