measurement,element,type,Nsamples,Minimum,Maximum,Average,Median
Carbonyls,acFormaldehyde,Outdoor,483,0.155,54.61,6.16888,6.13
Carbonyls,acFormaldehyde,Indoor,496,0.365,76.04,21.7178,20.45
Carbonyls,acFormaldehyde,"Personal adult",493,0.875,143.87,22.3596,20.58
Carbonyls,acFormaldehyde,"Personal child",184,3.16,62.4276,21.1094,20.065
Carbonyls,acFormaldehyde,In-Vehicle,115,2.325,1095.6,39.6635,20.027
Carbonyls,acAcetaldehyde,Outdoor,483,0.37,39.2,6.40204,4.88
Carbonyls,acAcetaldehyde,Indoor,496,0.37,182.39,20.8504,17.4
Carbonyls,acAcetaldehyde,"Personal adult",493,0.685,105.42,21.9278,18.46
Carbonyls,acAcetaldehyde,"Personal child",184,1.47,118.62,24.4125,19.84
Carbonyls,acAcetaldehyde,In-Vehicle,115,1.815,1031.2,17.5815,5.83402
Carbonyls,acAcetone,Outdoor,483,0.2,1375.36,8.27992,3.65
Carbonyls,acAcetone,Indoor,496,0.2,215.62,11.7107,6.4845
Carbonyls,acAcetone,"Personal adult",493,2.52,1355.39,22.6336,7.589
Carbonyls,acAcetone,"Personal child",184,2.52,1116.22,28.0952,10.946
Carbonyls,acAcetone,In-Vehicle,115,6.69,1162.52,20.6499,6.69
Carbonyls,acAcrolein,Outdoor,394,0.07,2017.64,6.24675,0.473
Carbonyls,acAcrolein,Indoor,396,0.07,146.63,1.66335,0.62
Carbonyls,acAcrolein,"Personal adult",406,0.52,1862.09,13.0485,0.52
Carbonyls,acAcrolein,"Personal child",173,0.52,1419.07,11.1191,0.52
Carbonyls,acPropionaldehyde,Outdoor,483,0.025,8.2,1.4981,1.3
Carbonyls,acPropionaldehyde,Indoor,496,0.025,30.943,2.07609,1.7885
Carbonyls,acPropionaldehyde,"Personal adult",493,0.475,23.7935,2.19399,1.99
Carbonyls,acPropionaldehyde,"Personal child",184,0.475,446,5.116,2.3645
Carbonyls,acPropionaldehyde,In-Vehicle,115,1.265,13.8,2.07727,1.265
Carbonyls,acCrotonaldehyde,Outdoor,394,0.065,104.61,0.764909,0.2445
Carbonyls,acCrotonaldehyde,Indoor,396,0.065,6.291,0.705422,0.45
Carbonyls,acCrotonaldehyde,"Personal adult",406,0.465,85.88,1.35638,0.465
Carbonyls,acCrotonaldehyde,"Personal child",173,0.465,68.78,1.57588,0.465
Carbonyls,acBenzaldehyde,Outdoor,483,0.12,9.51,2.19963,1.9
Carbonyls,acBenzaldehyde,Indoor,496,0.12,10.37,2.80623,2.68
Carbonyls,acBenzaldehyde,"Personal adult",493,0.94,23.33,3.07016,2.86
Carbonyls,acBenzaldehyde,"Personal child",184,0.94,12.99,3.12994,2.915
Carbonyls,acBenzaldehyde,In-Vehicle,115,2.495,99.12,3.61396,2.495
Carbonyls,acGlyoxal,Outdoor,483,0.055,6.93,1.56414,1.568
Carbonyls,acGlyoxal,Indoor,496,0.055,6.123,2.23689,2.309
Carbonyls,acGlyoxal,"Personal adult",492,0.48,18.28,2.32645,2.2675
Carbonyls,acGlyoxal,"Personal child",184,0.48,21.24,2.81825,2.72
Carbonyls,acGlyoxal,In-Vehicle,115,1.28,74.1,2.27893,1.28
Carbonyls,acMethylglyoxal,Outdoor,480,0.11,141.07,2.80253,1.811
Carbonyls,acMethylglyoxal,Indoor,493,0.11,110.78,3.11722,2.602
Carbonyls,acMethylglyoxal,"Personal adult",484,0.545,110.04,2.83627,2.522
Carbonyls,acMethylglyoxal,"Personal child",184,0.545,15.0647,3.10647,2.9
Carbonyls,acMethylglyoxal,In-Vehicle,114,1.44,11.6224,1.90079,1.44
Carbonyls,acHexaldehyde,Outdoor,394,0.1,60.42,2.33038,2.074
Carbonyls,acHexaldehyde,Indoor,396,0.1,24.74,4.49489,3.7655
Carbonyls,acHexaldehyde,"Personal adult",406,0.825,101.58,5.24324,4.168
Carbonyls,acHexaldehyde,"Personal child",173,0.825,141.38,6.43808,4.69
"PAH/chlordanes (g)",DBT,Outdoor,143,0.0598925,14.0873,1.7641,1.17401
"PAH/chlordanes (g)",DBT,Indoor,153,0.0122354,27.3505,3.47634,2.67007
"PAH/chlordanes (g)",PHE,Outdoor,143,0.917909,141.629,20.9617,14.752
"PAH/chlordanes (g)",PHE,Indoor,153,0.112152,326.899,27.2773,17.8443
"PAH/chlordanes (g)",ANT,Outdoor,143,0.0251006,9.82161,1.12932,0.689679
"PAH/chlordanes (g)",ANT,Indoor,153,0.00581539,14.3957,1.22282,0.718738
"PAH/chlordanes (g)",2MA,Outdoor,137,0.0094542,6.24106,0.45807,0.226914
"PAH/chlordanes (g)",2MA,Indoor,135,0.0349465,6.82083,0.745944,0.446621
"PAH/chlordanes (g)",1MA,Outdoor,142,0.0475478,12.1143,1.64602,1.14085
"PAH/chlordanes (g)",1MA,Indoor,153,0.0768538,13.8357,3.44989,2.90722
"PAH/chlordanes (g)",1MP,Outdoor,143,0.0318321,5.89073,1.1907,0.858546
"PAH/chlordanes (g)",1MP,Indoor,153,0.0384906,6.95626,2.10162,1.75406
"PAH/chlordanes (g)",9MA,Outdoor,139,0.00127945,1.73453,0.05853,0.0159972
"PAH/chlordanes (g)",9MA,Indoor,151,0.00127945,0.972385,0.168009,0.113848
"PAH/chlordanes (g)",4_5MP,Outdoor,142,0.0256599,5.9276,1.09796,0.792845
"PAH/chlordanes (g)",4_5MP,Indoor,150,0.0398686,6.84442,1.1353,0.916376
"PAH/chlordanes (g)",3_6DMP,Outdoor,143,0.0181301,4.70472,0.615985,0.439065
"PAH/chlordanes (g)",3_6DMP,Indoor,153,0.0310222,2.56778,0.912562,0.802935
"PAH/chlordanes (g)",9_10DMA,Outdoor,125,0.0032949,0.853358,0.0552812,0.0162678
"PAH/chlordanes (g)",9_10DMA,Indoor,147,0.0032949,1.38811,0.129741,0.0483605
"PAH/chlordanes (g)",FLT,Outdoor,143,0.0831322,33.5001,3.6909,2.32012
"PAH/chlordanes (g)",FLT,Indoor,152,0.0340165,21.7437,2.52637,1.94442
"PAH/chlordanes (g)",PYR,Outdoor,141,0.0417911,20.538,2.66978,1.95637
"PAH/chlordanes (g)",PYR,Indoor,153,0.0365214,11.9801,2.37566,1.81932
"PAH/chlordanes (g)",BaFLR,Outdoor,141,0.00090255,1.65449,0.157363,0.102297
"PAH/chlordanes (g)",BaFLR,Indoor,151,0.00090255,1.03951,0.116239,0.0808572
"PAH/chlordanes (g)",RET,Outdoor,139,0.0045307,6.55562,0.369957,0.187313
"PAH/chlordanes (g)",RET,Indoor,149,0.0211013,5.02875,0.742302,0.58685
"PAH/chlordanes (g)",BbFLR,Outdoor,142,0.0009287,0.860764,0.0738938,0.0415815
"PAH/chlordanes (g)",BbFLR,Indoor,151,0.0009287,0.588158,0.0449227,0.0257552
"PAH/chlordanes (g)",BNT,Outdoor,143,0.0007864,0.423468,0.0233173,0.0132831
"PAH/chlordanes (g)",BNT,Indoor,153,0.0007864,0.0983015,0.0161455,0.0114767
"PAH/chlordanes (g)",CPP,Outdoor,122,0.00050595,0.218533,0.00802656,0.00050595
"PAH/chlordanes (g)",CPP,Indoor,147,0.00050595,2.16958,0.0336182,0.00660695
"PAH/chlordanes (g)",BaA,Outdoor,142,0.0003772,0.963852,0.028827,0.0064279
"PAH/chlordanes (g)",BaA,Indoor,152,0.0003772,1.10685,0.0280712,0.0123481
"PAH/chlordanes (g)",CHR_TRI,Outdoor,142,0.0009784,2.12754,0.237018,0.105893
"PAH/chlordanes (g)",CHR_TRI,Indoor,153,0.0009784,2.09141,0.172121,0.0872326
"PAH/chlordanes (g)",BFLTs,Outdoor,135,0.00662295,0.94827,0.0249007,0.00662295
"PAH/chlordanes (g)",BFLTs,Indoor,142,0.00662295,0.104807,0.0145659,0.00662295
"PAH/chlordanes (g)",BeP,Outdoor,142,0.00093085,0.130835,0.00537388,0.00093085
"PAH/chlordanes (g)",BeP,Indoor,153,0.00093085,0.0306947,0.00279842,0.00093085
"PAH/chlordanes (g)",BaP,Outdoor,135,0.0015474,0.203057,0.00539944,0.0015474
"PAH/chlordanes (g)",BaP,Indoor,145,0.0015474,0.0509649,0.0034052,0.0015474
"PAH/chlordanes (g)",PER,Outdoor,133,0.00105585,0.0143554,0.00168816,0.00105585
"PAH/chlordanes (g)",PER,Indoor,144,0.00105585,0.0420602,0.00158941,0.00105585
"PAH/chlordanes (g)",IP,Outdoor,142,0.0015437,0.0781593,0.00302154,0.0015437
"PAH/chlordanes (g)",IP,Indoor,153,0.0015437,0.0362625,0.00215437,0.0015437
"PAH/chlordanes (g)",DBA,Outdoor,142,0.00101445,0.0309666,0.00169353,0.00101445
"PAH/chlordanes (g)",DBA,Indoor,153,0.00101445,0.0110439,0.00120479,0.00101445
"PAH/chlordanes (g)",BghiP,Outdoor,142,0.00090615,0.0305155,0.0018766,0.00090615
"PAH/chlordanes (g)",BghiP,Indoor,153,0.00090615,0.0240077,0.0016055,0.00090615
"PAH/chlordanes (g)",COR,Outdoor,141,0.0022927,0.0344488,0.00354808,0.0022927
"PAH/chlordanes (g)",COR,Indoor,149,0.0022927,0.0289717,0.00319952,0.0022927
"PAH/chlordanes (g)",oxyCD,Outdoor,111,0.0025365,0.0808062,0.0106021,0.00727949
"PAH/chlordanes (g)",oxyCD,Indoor,122,0.0025365,0.166568,0.022963,0.0143222
"PAH/chlordanes (g)",tCD,Outdoor,116,0.00339767,5.50632,0.273569,0.132296
"PAH/chlordanes (g)",tCD,Indoor,126,0.0414865,67.8918,3.69884,0.794651
"PAH/chlordanes (g)",cCD,Outdoor,116,0.00330863,4.30082,0.199179,0.0947936
"PAH/chlordanes (g)",cCD,Indoor,126,0.00485377,23.9325,2.21834,0.500251
"PAH/chlordanes (g)",MC5,Outdoor,116,0.00045885,0.398094,0.0433954,0.0202578
"PAH/chlordanes (g)",MC5,Indoor,126,0.00214499,4.21593,0.394312,0.0937863
"PAH/chlordanes (g)",tNC,Outdoor,116,0.00253421,1.20278,0.117784,0.0568541
"PAH/chlordanes (g)",tNC,Indoor,126,0.0110018,14.5802,1.32822,0.296308
"PAH/chlordanes (g)",cNC,Outdoor,114,0.0006713,0.129237,0.0151536,0.00688193
"PAH/chlordanes (g)",cNC,Indoor,126,0.0006713,1.01915,0.0945351,0.0285321
"PAH/chlordanes (p)",DBT,Outdoor,147,0.00057,0.0298323,0.00471447,0.00318825
"PAH/chlordanes (p)",DBT,Indoor,155,0.00057,0.0861191,0.00461196,0.00294174
"PAH/chlordanes (p)",PHE,Outdoor,148,0.0068,0.665304,0.0972877,0.0647599
"PAH/chlordanes (p)",PHE,Indoor,156,0.0068,1.3634,0.0814303,0.0550036
"PAH/chlordanes (p)",ANT,Outdoor,148,0.000745,0.064471,0.0109842,0.00765032
"PAH/chlordanes (p)",ANT,Indoor,156,0.000745,0.106693,0.00759985,0.00556039
"PAH/chlordanes (p)",2MA,Outdoor,147,0.0003265,0.591335,0.0226562,0.00437104
"PAH/chlordanes (p)",2MA,Indoor,156,0.0003265,0.157833,0.0105919,0.00343553
"PAH/chlordanes (p)",1MA,Outdoor,148,0.00063,0.341886,0.0283056,0.0136304
"PAH/chlordanes (p)",1MA,Indoor,156,0.00278462,0.29257,0.0260067,0.0196345
"PAH/chlordanes (p)",1MP,Outdoor,146,0.000406,0.305916,0.0255678,0.0125881
"PAH/chlordanes (p)",1MP,Indoor,155,0.00111063,0.219106,0.0198383,0.014781
"PAH/chlordanes (p)",9MA,Outdoor,145,0.000286,0.134841,0.00374909,0.000790873
"PAH/chlordanes (p)",9MA,Indoor,154,0.000286,0.0828477,0.00511106,0.00155951
"PAH/chlordanes (p)",4_5MP,Outdoor,148,0.0003335,0.145742,0.0148512,0.00612761
"PAH/chlordanes (p)",4_5MP,Indoor,156,0.000812983,0.116229,0.0096927,0.00557489
"PAH/chlordanes (p)",3_6DMP,Outdoor,148,8.1761e-05,0.407863,0.0243429,0.0088942
"PAH/chlordanes (p)",3_6DMP,Indoor,155,0.00202999,0.15814,0.0151861,0.0108465
"PAH/chlordanes (p)",9_10DMA,Outdoor,125,0.0002305,0.226413,0.00380438,0.000694199
"PAH/chlordanes (p)",9_10DMA,Indoor,147,0.0002305,0.0532286,0.00375672,0.00141996
"PAH/chlordanes (p)",FLT,Outdoor,148,0.00173182,1.87004,0.157228,0.0778067
"PAH/chlordanes (p)",FLT,Indoor,156,0.00715708,0.692719,0.072462,0.0514702
"PAH/chlordanes (p)",PYR,Outdoor,148,0.00105,1.23586,0.156097,0.0874785
"PAH/chlordanes (p)",PYR,Indoor,156,0.0125694,0.532473,0.0835186,0.0670142
"PAH/chlordanes (p)",BaFLR,Outdoor,148,0.0001295,0.567821,0.0330218,0.0132326
"PAH/chlordanes (p)",BaFLR,Indoor,155,0.0001295,0.0678202,0.00973505,0.0069849
"PAH/chlordanes (p)",RET,Outdoor,147,0.000655,0.642758,0.0331261,0.00972517
"PAH/chlordanes (p)",RET,Indoor,156,0.00354745,0.325962,0.0297425,0.0229133
"PAH/chlordanes (p)",BbFLR,Outdoor,148,0.000129,0.336336,0.017034,0.00734423
"PAH/chlordanes (p)",BbFLR,Indoor,156,0.000129,0.0436286,0.00487358,0.00324548
"PAH/chlordanes (p)",BNT,Outdoor,148,0.000162,0.08147,0.0134286,0.00926798
"PAH/chlordanes (p)",BNT,Indoor,156,0.000162,0.0344088,0.00719038,0.00529694
"PAH/chlordanes (p)",CPP,Outdoor,147,0.0001835,0.635598,0.0661832,0.029496
"PAH/chlordanes (p)",CPP,Indoor,156,0.0001835,0.631377,0.0416164,0.0191041
"PAH/chlordanes (p)",BaA,Outdoor,147,0.0001755,1.29849,0.0882734,0.0404433
"PAH/chlordanes (p)",BaA,Indoor,156,0.0001755,0.424594,0.0347024,0.0213945
"PAH/chlordanes (p)",CHR_TRI,Outdoor,148,0.000660379,1.68332,0.211188,0.139409
"PAH/chlordanes (p)",CHR_TRI,Indoor,156,0.0002145,0.961147,0.111801,0.0867525
"PAH/chlordanes (p)",BFLTs,Outdoor,146,0.003435,1.88806,0.329183,0.212801
"PAH/chlordanes (p)",BFLTs,Indoor,156,0.003435,2.86094,0.221081,0.146656
"PAH/chlordanes (p)",BeP,Outdoor,147,0.000297,1.00984,0.171118,0.106136
"PAH/chlordanes (p)",BeP,Indoor,156,0.000297,1.20988,0.113994,0.0728092
"PAH/chlordanes (p)",BaP,Outdoor,148,0.0002465,1.0455,0.132041,0.0689275
"PAH/chlordanes (p)",BaP,Indoor,156,0.0002465,1.04203,0.0938177,0.0455437
"PAH/chlordanes (p)",PER,Outdoor,145,0.000433,0.211976,0.0263892,0.0131771
"PAH/chlordanes (p)",PER,Indoor,150,0.000433,0.352422,0.0212662,0.0112521
"PAH/chlordanes (p)",IP,Outdoor,148,0.00057,3.16155,0.393608,0.19431
"PAH/chlordanes (p)",IP,Indoor,156,0.00057,6.92819,0.316874,0.150503
"PAH/chlordanes (p)",DBA,Outdoor,148,0.000283,0.119157,0.0150533,0.00744841
"PAH/chlordanes (p)",DBA,Indoor,156,0.000283,0.218502,0.0122745,0.00619052
"PAH/chlordanes (p)",BghiP,Outdoor,148,0.0006,3.12309,0.409572,0.227491
"PAH/chlordanes (p)",BghiP,Indoor,156,0.0006,4.98739,0.338027,0.159721
"PAH/chlordanes (p)",COR,Outdoor,148,0.000915,4.6842,0.41699,0.190392
"PAH/chlordanes (p)",COR,Indoor,156,0.000915,9.5794,0.417031,0.160076
"PAH/chlordanes (p)",oxyCD,Outdoor,101,0.00262,0.0264734,0.00314703,0.00262
"PAH/chlordanes (p)",oxyCD,Indoor,110,0.00262,1.30302,0.0158524,0.00262
"PAH/chlordanes (p)",tCD,Outdoor,122,0.000885,0.0271194,0.00564495,0.00426781
"PAH/chlordanes (p)",tCD,Indoor,131,0.000885,2.13102,0.0779239,0.0182768
"PAH/chlordanes (p)",cCD,Outdoor,122,0.000925,0.0438535,0.00407663,0.00269533
"PAH/chlordanes (p)",cCD,Indoor,131,0.000925,0.88439,0.0458435,0.00754116
"PAH/chlordanes (p)",MC5,Outdoor,122,0.000595,0.0235066,0.00227265,0.0014017
"PAH/chlordanes (p)",MC5,Indoor,130,0.000595,0.372114,0.01442,0.00395294
"PAH/chlordanes (p)",tNC,Outdoor,122,0.00075,0.0243624,0.00262755,0.0016001
"PAH/chlordanes (p)",tNC,Indoor,131,0.00075,0.647957,0.029158,0.00480689
"PAH/chlordanes (p)",cNC,Outdoor,122,0.00058,0.0160166,0.00154267,0.00058
"PAH/chlordanes (p)",cNC,Indoor,131,0.00058,0.383937,0.0125215,0.00207228
"PM elements (ICPMS)",Li,Outdoor,265,0,5.93786,0.164497,0.0707571
"PM elements (ICPMS)",Li,Indoor,273,0,3.6237,0.124114,0.0461707
"PM elements (ICPMS)",Li,"Personal adult",240,0,5.91064,0.311239,0.108477
"PM elements (ICPMS)",Li,"Personal child",24,0,1.57553,0.191677,0.134095
"PM elements (ICPMS)",Be,Outdoor,265,0.25,0.75456,0.251904,0.25
"PM elements (ICPMS)",Be,Indoor,273,0.25,0.864419,0.2603,0.25
"PM elements (ICPMS)",Be,"Personal adult",240,0.65,2.31074,0.668447,0.65
"PM elements (ICPMS)",Be,"Personal child",24,0.65,1.45192,0.683413,0.65
"PM elements (ICPMS)",Mg,Outdoor,265,0,8865.61,424.796,93.8249
"PM elements (ICPMS)",Mg,Indoor,273,0,24318.4,403.112,77.1993
"PM elements (ICPMS)",Mg,"Personal adult",240,0,15087.8,620.599,140.452
"PM elements (ICPMS)",Mg,"Personal child",24,0,9227.45,912.57,241.525
"PM elements (ICPMS)",Al,Outdoor,265,0,3446.67,124.863,42.9837
"PM elements (ICPMS)",Al,Indoor,273,0,12568.2,119.829,36.0035
"PM elements (ICPMS)",Al,"Personal adult",240,0,2427.24,213.336,136.085
"PM elements (ICPMS)",Al,"Personal child",24,18.0449,2586.19,327.767,175.952
"PM elements (ICPMS)",Ti,Outdoor,265,7.95,75.5877,9.86943,7.95
"PM elements (ICPMS)",Ti,Indoor,273,7.95,74.6752,8.8615,7.95
"PM elements (ICPMS)",Ti,"Personal adult",240,18.05,87.4269,23.0055,18.05
"PM elements (ICPMS)",Ti,"Personal child",24,18.05,48.3347,20.1433,18.05
"PM elements (ICPMS)",V,Outdoor,265,2.1,49.7645,5.42036,2.1
"PM elements (ICPMS)",V,Indoor,273,2.1,18.8958,3.60392,2.1
"PM elements (ICPMS)",V,"Personal adult",240,0.25,28.3658,3.70707,2.62939
"PM elements (ICPMS)",V,"Personal child",24,0.25,12.955,3.07318,1.79936
"PM elements (ICPMS)",Cr,Outdoor,265,3.4,96.7922,6.14089,3.4
"PM elements (ICPMS)",Cr,Indoor,273,3.4,63.9386,5.93032,3.4
"PM elements (ICPMS)",Cr,"Personal adult",240,4.6,84.7717,11.2392,10.1757
"PM elements (ICPMS)",Cr,"Personal child",24,4.6,26.4668,11.2038,12.1859
"PM elements (ICPMS)",Mn,Outdoor,265,1.4,33.2095,4.20775,3.30289
"PM elements (ICPMS)",Mn,Indoor,273,1.4,18.6992,2.33051,1.4
"PM elements (ICPMS)",Mn,"Personal adult",240,3.2,36.305,5.09064,3.2
"PM elements (ICPMS)",Mn,"Personal child",24,3.2,14.508,5.18876,3.2
"PM elements (ICPMS)",Co,Outdoor,265,0.2,10.4615,0.322791,0.2
"PM elements (ICPMS)",Co,Indoor,273,0.2,7.56353,0.287259,0.2
"PM elements (ICPMS)",Co,"Personal adult",240,1.4,6.73504,1.45777,1.4
"PM elements (ICPMS)",Co,"Personal child",24,1.4,1.4,1.4,1.4
"PM elements (ICPMS)",Ni,Outdoor,265,60,1475.94,74.6424,60
"PM elements (ICPMS)",Ni,Indoor,273,60,650.82,73.6798,60
"PM elements (ICPMS)",Ni,"Personal adult",240,222.65,1364.45,245.697,222.65
"PM elements (ICPMS)",Ni,"Personal child",24,222.65,1550.23,277.966,222.65
"PM elements (ICPMS)",Cu,Outdoor,265,3.5,133.288,13.9326,10.2542
"PM elements (ICPMS)",Cu,Indoor,273,3.5,112.376,12.8999,10.031
"PM elements (ICPMS)",Cu,"Personal adult",240,28.75,1396.79,40.1999,28.75
"PM elements (ICPMS)",Cu,"Personal child",24,28.75,221.415,53.8871,28.75
"PM elements (ICPMS)",Zn,Outdoor,265,56.95,2505.45,100.839,56.95
"PM elements (ICPMS)",Zn,Indoor,273,56.95,3083.83,119.316,56.95
"PM elements (ICPMS)",Zn,"Personal adult",240,307.55,6637.13,511.619,307.55
"PM elements (ICPMS)",Zn,"Personal child",24,307.55,8529.15,669.321,307.55
"PM elements (ICPMS)",Ga,Outdoor,265,0.1,6.25832,0.4544,0.280354
"PM elements (ICPMS)",Ga,Indoor,273,0.1,1.71657,0.237056,0.1
"PM elements (ICPMS)",Ga,"Personal adult",240,0.3,8.04221,0.554342,0.3
"PM elements (ICPMS)",Ga,"Personal child",24,0.3,1.28403,0.47661,0.3
"PM elements (ICPMS)",Arsenic,Outdoor,265,0.3,4.89157,0.644148,0.3
"PM elements (ICPMS)",Arsenic,Indoor,273,0.3,6.72373,0.572002,0.3
"PM elements (ICPMS)",Arsenic,"Personal adult",240,0.25,6.75589,0.640994,0.25
"PM elements (ICPMS)",Arsenic,"Personal child",24,0.25,2.55259,0.564174,0.25
"PM elements (ICPMS)",Se,Outdoor,265,0.4,333.585,7.60156,1.3643
"PM elements (ICPMS)",Se,Indoor,273,0.4,283.06,6.06771,0.4
"PM elements (ICPMS)",Se,"Personal adult",240,1.75,829.951,14.8264,1.75
"PM elements (ICPMS)",Se,"Personal child",24,1.75,8.83687,2.28519,1.75
"PM elements (ICPMS)",Rb,Outdoor,265,0.05,2.83754,0.180798,0.140012
"PM elements (ICPMS)",Rb,Indoor,273,0.05,0.524147,0.122811,0.110849
"PM elements (ICPMS)",Rb,"Personal adult",240,0.3,3.20804,0.359594,0.3
"PM elements (ICPMS)",Rb,"Personal child",24,0.3,0.656757,0.314865,0.3
"PM elements (ICPMS)",Sr,Outdoor,265,1.15,14.0609,1.55011,1.15
"PM elements (ICPMS)",Sr,Indoor,273,1.15,11.9416,1.36136,1.15
"PM elements (ICPMS)",Sr,"Personal adult",240,3.55,28.7791,4.04018,3.55
"PM elements (ICPMS)",Sr,"Personal child",24,3.55,3.55,3.55,3.55
"PM elements (ICPMS)",Ag,Outdoor,265,0.1,2.59116,0.265246,0.1
"PM elements (ICPMS)",Ag,Indoor,273,0.1,1.79287,0.312175,0.24027
"PM elements (ICPMS)",Ag,"Personal adult",240,0.25,3.41783,0.728304,0.618412
"PM elements (ICPMS)",Ag,"Personal child",24,0.25,1.48384,0.679997,0.708968
"PM elements (ICPMS)",Cd,Outdoor,265,0.5,25.8904,0.836181,0.5
"PM elements (ICPMS)",Cd,Indoor,273,0.5,12.6392,0.693132,0.5
"PM elements (ICPMS)",Cd,"Personal adult",240,1.45,80.3846,2.14736,1.45
"PM elements (ICPMS)",Cd,"Personal child",24,1.45,1.45,1.45,1.45
"PM elements (ICPMS)",Cs,Outdoor,265,0.05,0.299046,0.0630602,0.05
"PM elements (ICPMS)",Cs,Indoor,273,0.05,0.421441,0.064135,0.05
"PM elements (ICPMS)",Cs,"Personal adult",240,0.1,0.845865,0.159086,0.1
"PM elements (ICPMS)",Cs,"Personal child",24,0.1,0.218074,0.109402,0.1
"PM elements (ICPMS)",Ba,Outdoor,265,0,81.1688,7.93382,4.58787
"PM elements (ICPMS)",Ba,Indoor,273,0,34.6429,4.07223,2.48405
"PM elements (ICPMS)",Ba,"Personal adult",240,0,250.839,8.31539,5.66018
"PM elements (ICPMS)",Ba,"Personal child",24,0,15.8559,6.52948,5.91062
"PM elements (ICPMS)",Tl,Outdoor,265,0.05,0.212231,0.0617285,0.05
"PM elements (ICPMS)",Tl,Indoor,273,0.05,0.192452,0.0587386,0.05
"PM elements (ICPMS)",Tl,"Personal adult",240,0.15,0.563503,0.178578,0.15
"PM elements (ICPMS)",Tl,"Personal child",24,0.15,0.15,0.15,0.15
"PM elements (ICPMS)",Pb,Outdoor,265,6.65,303.696,16.5378,6.65
"PM elements (ICPMS)",Pb,Indoor,273,6.65,133.697,12.3906,6.65
"PM elements (ICPMS)",Pb,"Personal adult",240,53.6,688.301,59.0678,53.6
"PM elements (ICPMS)",Pb,"Personal child",24,53.6,109.987,55.9495,53.6
"PM elements (ICPMS)",Bi,Outdoor,265,0.05,1.40403,0.155675,0.05
"PM elements (ICPMS)",Bi,Indoor,273,0.05,1.26854,0.12773,0.05
"PM elements (ICPMS)",Bi,"Personal adult",240,0.2,2.76362,0.393478,0.2
"PM elements (ICPMS)",Bi,"Personal child",24,0.2,6.00822,0.519336,0.2
"PM elements (ICPMS)",U,Outdoor,265,0.05,0.140292,0.0511252,0.05
"PM elements (ICPMS)",U,Indoor,274,0.05,0.14927,0.0515681,0.05
"PM elements (ICPMS)",U,"Personal adult",241,0.2,0.2,0.2,0.2
"PM elements (ICPMS)",U,"Personal child",24,0.2,0.2,0.2,0.2
"PM elements (XRF)",Ag,Outdoor,265,0.00105,0.0034,0.00107736,0.00105
"PM elements (XRF)",Ag,Indoor,273,0.00105,0.00344727,0.00111412,0.00105
"PM elements (XRF)",Ag,"Personal adult",240,0.00185,0.00449674,0.00190693,0.00185
"PM elements (XRF)",Ag,"Personal child",24,0.00185,0.00185,0.00185,0.00185
"PM elements (XRF)",Al,Outdoor,265,0.00125,1.16495,0.0677108,0.017
"PM elements (XRF)",Al,Indoor,273,0.00125,0.22546,0.0268892,0.0152
"PM elements (XRF)",Al,"Personal adult",240,0.0014,0.671163,0.113382,0.0663854
"PM elements (XRF)",Al,"Personal child",24,0.00586565,0.37837,0.128209,0.104387
"PM elements (XRF)",Arsenic,Outdoor,265,0.0002,0.00463137,0.000882549,0.000755633
"PM elements (XRF)",Arsenic,Indoor,273,0.0002,0.0072,0.000731244,0.000560753
"PM elements (XRF)",Arsenic,"Personal adult",240,0.0003,0.007,0.000874483,0.0003
"PM elements (XRF)",Arsenic,"Personal child",24,0.0003,0.00394359,0.00113382,0.000698435
"PM elements (XRF)",Ba,Outdoor,265,0.00985,0.0841086,0.0176312,0.00985
"PM elements (XRF)",Ba,Indoor,273,0.00985,0.0474713,0.0123653,0.00985
"PM elements (XRF)",Ba,"Personal adult",240,0.0167,0.467687,0.0225941,0.0167
"PM elements (XRF)",Ba,"Personal child",24,0.0167,0.039797,0.0176624,0.0167
"PM elements (XRF)",Br,Outdoor,265,0.00015,0.0176,0.0044971,0.00399559
"PM elements (XRF)",Br,Indoor,273,0.0003668,0.0286642,0.00356748,0.00306336
"PM elements (XRF)",Br,"Personal adult",240,0.0002,0.1461,0.00470465,0.00344078
"PM elements (XRF)",Br,"Personal child",24,0.0002,0.0072,0.00378462,0.00346905
"PM elements (XRF)",Ca,Outdoor,265,0.00185,1.735,0.124422,0.0806991
"PM elements (XRF)",Ca,Indoor,273,0.00185,1.53224,0.0969552,0.0667875
"PM elements (XRF)",Ca,"Personal adult",240,0.0241862,5.047,0.406555,0.228841
"PM elements (XRF)",Ca,"Personal child",24,0.0118378,1.25892,0.419551,0.308367
"PM elements (XRF)",Cd,Outdoor,265,0.00085,0.0111771,0.000952191,0.00085
"PM elements (XRF)",Cd,Indoor,273,0.00085,0.00512174,0.000934233,0.00085
"PM elements (XRF)",Cd,"Personal adult",240,0.0009,0.0249184,0.00116308,0.0009
"PM elements (XRF)",Cd,"Personal child",24,0.0009,0.00183959,0.000939149,0.0009
"PM elements (XRF)",Cl,Outdoor,265,0.012,2.0043,0.0746356,0.012
"PM elements (XRF)",Cl,Indoor,273,0.012,2.713,0.064052,0.012
"PM elements (XRF)",Cl,"Personal adult",240,0.0093,2.30327,0.15869,0.0922609
"PM elements (XRF)",Cl,"Personal child",24,0.0093,0.7717,0.239424,0.208161
"PM elements (XRF)",Co,Outdoor,265,0.00015,0.0118,0.000256057,0.00015
"PM elements (XRF)",Co,Indoor,273,0.00015,0.0084,0.000233509,0.00015
"PM elements (XRF)",Co,"Personal adult",240,0.0012,0.0083,0.00125541,0.0012
"PM elements (XRF)",Co,"Personal child",24,0.0012,0.0012,0.0012,0.0012
"PM elements (XRF)",Cr,Outdoor,265,0.00015,0.188886,0.0026193,0.000641552
"PM elements (XRF)",Cr,Indoor,273,0.00015,0.0541653,0.00184008,0.000590697
"PM elements (XRF)",Cr,"Personal adult",240,0.00055,0.0848196,0.0033188,0.00159657
"PM elements (XRF)",Cr,"Personal child",24,0.00055,0.0195732,0.00501756,0.00325711
"PM elements (XRF)",Cu,Outdoor,265,0.002,0.0625124,0.00588499,0.002
"PM elements (XRF)",Cu,Indoor,273,0.002,0.436829,0.00666719,0.002
"PM elements (XRF)",Cu,"Personal adult",240,0.00105,0.776469,0.0156421,0.00906955
"PM elements (XRF)",Cu,"Personal child",24,0.00105,0.237591,0.0227281,0.0137584
"PM elements (XRF)",Fe,Outdoor,265,0.0059,1.988,0.183533,0.1262
"PM elements (XRF)",Fe,Indoor,273,0.0059,0.367802,0.0792777,0.0619
"PM elements (XRF)",Fe,"Personal adult",240,0.0314284,0.998167,0.18628,0.147304
"PM elements (XRF)",Fe,"Personal child",24,0.00585,0.477947,0.21062,0.19486
"PM elements (XRF)",Ga,Outdoor,265,0.00065,0.00065,0.00065,0.00065
"PM elements (XRF)",Ga,Indoor,273,0.00065,0.00065,0.00065,0.00065
"PM elements (XRF)",Ga,"Personal adult",240,0.00115,0.00280639,0.00116735,0.00115
"PM elements (XRF)",Ga,"Personal child",24,0.00115,0.00115,0.00115,0.00115
"PM elements (XRF)",Ge,Outdoor,265,0.0003,0.00062393,0.000302399,0.0003
"PM elements (XRF)",Ge,Indoor,273,0.0003,0.00140739,0.000313021,0.0003
"PM elements (XRF)",Ge,"Personal adult",240,0.0006,0.0069,0.000659902,0.0006
"PM elements (XRF)",Ge,"Personal child",24,0.0006,0.0006,0.0006,0.0006
"PM elements (XRF)",Hg,Outdoor,265,0.0004,0.00146608,0.000419887,0.0004
"PM elements (XRF)",Hg,Indoor,273,0.0004,0.00143857,0.000434796,0.0004
"PM elements (XRF)",Hg,"Personal adult",240,0.00075,0.0076,0.000796753,0.00075
"PM elements (XRF)",Hg,"Personal child",24,0.00075,0.00075,0.00075,0.00075
"PM elements (XRF)",Indium,Outdoor,265,0.0007,0.00246305,0.000721527,0.0007
"PM elements (XRF)",Indium,Indoor,273,0.0007,0.00175187,0.000726971,0.0007
"PM elements (XRF)",Indium,"Personal adult",240,0.0013,0.0046,0.00139277,0.0013
"PM elements (XRF)",Indium,"Personal child",24,0.0013,0.0013,0.0013,0.0013
"PM elements (XRF)",k,Outdoor,265,0.00125,0.7205,0.0859006,0.0684
"PM elements (XRF)",k,Indoor,273,0.0083,1.036,0.0881452,0.0629
"PM elements (XRF)",k,"Personal adult",240,0.0291,1.028,0.151902,0.11028
"PM elements (XRF)",k,"Personal child",24,0.00407721,0.507076,0.208666,0.157283
"PM elements (XRF)",La,Outdoor,265,0.00425,0.015028,0.00478044,0.00425
"PM elements (XRF)",La,Indoor,273,0.00425,0.0158166,0.00473131,0.00425
"PM elements (XRF)",La,"Personal adult",240,0.0095,0.0234,0.00955792,0.0095
"PM elements (XRF)",La,"Personal child",24,0.0095,0.0095,0.0095,0.0095
"PM elements (XRF)",Mn,Outdoor,265,0.0004,0.0314,0.00413242,0.00307028
"PM elements (XRF)",Mn,Indoor,273,0.0004,0.0153,0.00206537,0.0018
"PM elements (XRF)",Mn,"Personal adult",240,0.0007,0.0201451,0.00367429,0.00315217
"PM elements (XRF)",Mn,"Personal child",24,0.0007,0.00836369,0.00405494,0.00404896
"PM elements (XRF)",Mo,Outdoor,265,0.00045,0.00187132,0.000568383,0.00045
"PM elements (XRF)",Mo,Indoor,273,0.00045,0.00143554,0.000491692,0.00045
"PM elements (XRF)",Mo,"Personal adult",240,0.00055,0.00190558,0.000586037,0.00055
"PM elements (XRF)",Mo,"Personal child",24,0.00055,0.00055,0.00055,0.00055
"PM elements (XRF)",Ni,Outdoor,265,0.001,0.0245922,0.00302451,0.00228768
"PM elements (XRF)",Ni,Indoor,273,0.001,0.0120703,0.00197224,0.001
"PM elements (XRF)",Ni,"Personal adult",240,0.0006,0.0852783,0.00485652,0.003459
"PM elements (XRF)",Ni,"Personal child",24,0.0006,0.0196317,0.00633621,0.00505976
"PM elements (XRF)",P,Outdoor,265,0.0007,0.0042,0.000768429,0.0007
"PM elements (XRF)",P,Indoor,273,0.0007,0.051263,0.00161538,0.0007
"PM elements (XRF)",P,"Personal adult",240,0.001,0.0768,0.00291467,0.001
"PM elements (XRF)",P,"Personal child",24,0.001,0.0132208,0.00369351,0.001
"PM elements (XRF)",Pb,Outdoor,265,0.00075,0.0291,0.00492389,0.00410935
"PM elements (XRF)",Pb,Indoor,274,0.00075,0.0328,0.0035096,0.0030117
"PM elements (XRF)",Pb,"Personal adult",241,0.00115,0.232348,0.00617365,0.00404696
"PM elements (XRF)",Pb,"Personal child",24,0.00115,0.0131897,0.00623128,0.00537197
"PM elements (XRF)",Pd,Outdoor,265,0.0008,0.0023,0.000815218,0.0008
"PM elements (XRF)",Pd,Indoor,273,0.0008,0.00222067,0.000833725,0.0008
"PM elements (XRF)",Pd,"Personal adult",240,0.00115,0.00393805,0.00121695,0.00115
"PM elements (XRF)",Pd,"Personal child",24,0.00115,0.00115,0.00115,0.00115
"PM elements (XRF)",Rb,Outdoor,265,0.00015,0.0031,0.00021142,0.00015
"PM elements (XRF)",Rb,Indoor,273,0.00015,0.000621387,0.000177431,0.00015
"PM elements (XRF)",Rb,"Personal adult",240,0.0002,0.00160264,0.000307088,0.0002
"PM elements (XRF)",Rb,"Personal child",24,0.0002,0.00115738,0.000383655,0.0002
"PM elements (XRF)",S,Outdoor,265,0.0028,4.51289,1.1589,1.05495
"PM elements (XRF)",S,Indoor,273,0.1073,3.65563,0.853821,0.686937
"PM elements (XRF)",S,"Personal adult",240,0.131093,3.57744,0.840019,0.705617
"PM elements (XRF)",S,"Personal child",24,0.00325,2.672,0.80273,0.703643
"PM elements (XRF)",Sb,Outdoor,265,0.00165,0.0202,0.00234812,0.00165
"PM elements (XRF)",Sb,Indoor,273,0.00165,0.0157,0.00188167,0.00165
"PM elements (XRF)",Sb,"Personal adult",240,0.00205,0.00816803,0.00236099,0.00205
"PM elements (XRF)",Sb,"Personal child",24,0.00205,0.0157,0.00281667,0.00205
"PM elements (XRF)",Se,Outdoor,265,0.00015,0.00786432,0.00120388,0.000823814
"PM elements (XRF)",Se,Indoor,273,0.00015,0.0051,0.000696944,0.000496429
"PM elements (XRF)",Se,"Personal adult",240,0.00035,0.004,0.000713563,0.00035
"PM elements (XRF)",Se,"Personal child",24,0.00035,0.0031009,0.000777439,0.00035
"PM elements (XRF)",Si,Outdoor,265,0.00235,2.363,0.217463,0.114004
"PM elements (XRF)",Si,Indoor,273,0.0180933,0.631997,0.12652,0.0969825
"PM elements (XRF)",Si,"Personal adult",240,0.0370147,4.49209,0.407196,0.278897
"PM elements (XRF)",Si,"Personal child",24,0.00762215,0.901184,0.391389,0.383276
"PM elements (XRF)",Sn,Outdoor,265,0.0037,0.1573,0.00565328,0.0037
"PM elements (XRF)",Sn,Indoor,273,0.0037,0.1304,0.00484541,0.0037
"PM elements (XRF)",Sn,"Personal adult",240,0.0055,0.1626,0.00669301,0.0055
"PM elements (XRF)",Sn,"Personal child",24,0.0055,0.0299362,0.00651818,0.0055
"PM elements (XRF)",Sr,Outdoor,265,0.00015,0.0148,0.00131548,0.000804131
"PM elements (XRF)",Sr,Indoor,273,0.00015,0.0122,0.000871588,0.0006
"PM elements (XRF)",Sr,"Personal adult",240,0.00025,0.0372652,0.00249523,0.0017257
"PM elements (XRF)",Sr,"Personal child",24,0.00025,0.00621545,0.00184805,0.00144638
"PM elements (XRF)",Ti,Outdoor,265,0.0004,0.123,0.0109353,0.00733759
"PM elements (XRF)",Ti,Indoor,273,0.0004,0.1491,0.00712062,0.0051
"PM elements (XRF)",Ti,"Personal adult",240,0.00266142,0.211302,0.0235636,0.0178934
"PM elements (XRF)",Ti,"Personal child",24,0.00125,0.0567724,0.0285443,0.0282892
"PM elements (XRF)",V,Outdoor,265,5e-05,0.0568,0.00578569,0.00423905
"PM elements (XRF)",V,Indoor,273,5e-05,0.0202,0.00367408,0.00258176
"PM elements (XRF)",V,"Personal adult",240,0.00035,0.013947,0.00336592,0.00250064
"PM elements (XRF)",V,"Personal child",24,0.00035,0.011137,0.00312298,0.0022557
"PM elements (XRF)",Y,Outdoor,265,0.0002,0.0016,0.000226569,0.0002
"PM elements (XRF)",Y,Indoor,273,0.0002,0.0007,0.000212266,0.0002
"PM elements (XRF)",Y,"Personal adult",240,0.0003,0.0014661,0.000336108,0.0003
"PM elements (XRF)",Y,"Personal child",24,0.0003,0.000683886,0.000315995,0.0003
"PM elements (XRF)",Zn,Outdoor,265,0.0004,1.579,0.024745,0.0146183
"PM elements (XRF)",Zn,Indoor,273,0.00144963,4.73494,0.0542007,0.0118
"PM elements (XRF)",Zn,"Personal adult",240,0.01095,3.36167,0.108811,0.0337901
"PM elements (XRF)",Zn,"Personal child",24,0.01095,0.271175,0.0543792,0.0406241
"PM elements (XRF)",Zr,Outdoor,265,0.00025,0.00796933,0.000753436,0.00025
"PM elements (XRF)",Zr,Indoor,273,0.00025,0.00886137,0.000839677,0.000661586
"PM elements (XRF)",Zr,"Personal adult",240,0.0004,0.15057,0.0103507,0.0034464
"PM elements (XRF)",Zr,"Personal child",24,0.0004,0.0314802,0.00858994,0.00645748
"PM mass",PM25mass,Outdoor,367,0.275,94.9,17.9811,15.5
"PM mass",PM25mass,Indoor,363,0.7,144.9,18.1438,14.5
"PM mass",PM25mass,"Personal adult",346,0.7,246.5,37.2202,30.5
"PM mass",PM25mass,"Personal child",36,0.7,150.4,53.6611,39.6
"PM OC/EC",Actual_OC,Outdoor,173,0.15,18.2511,3.48492,3.0323
"PM OC/EC",Actual_OC,Indoor,173,0.387955,56.722,7.00097,5.29769
"PM OC/EC",Actual_OM,Outdoor,173,0.257143,25.5515,4.87971,4.24522
"PM OC/EC",Actual_OM,Indoor,173,0.543137,79.4107,9.80136,7.41677
"PM OC/EC",Actual_EC,Outdoor,173,0.035,4.64162,1.10868,0.955322
"PM OC/EC",Actual_EC,Indoor,173,0.0501439,9.98021,1.07135,0.871971
temperature/RH,temp_c,Outdoor,565,-6.818,32.5,18.6533,19.5622
temperature/RH,temp_c,Indoor,557,9.75684,31.3,23.7027,23.89
temperature/RH,avg_rh,Outdoor,295,-1.6,103.911,64.7518,66.6345
temperature/RH,avg_rh,Indoor,297,0,80.2465,46.0525,49.98
VOC,acbenzen,Outdoor,555,0.27,20.919,2.14839,1.68
VOC,acbenzen,Indoor,554,0.55,46.0732,3.4973,2.19113
VOC,acbenzen,"Personal adult",544,0.27,85.37,3.63517,2.38673
VOC,acbenzen,"Personal child",209,0.55,54.6818,4.15801,2.79492
VOC,accartet,Outdoor,555,0.135,31.23,0.716137,0.636631
VOC,accartet,Indoor,554,0.135,18.07,0.710472,0.618743
VOC,accartet,"Personal adult",544,0.135,42.27,0.797615,0.615436
VOC,accartet,"Personal child",209,0.135,1.22,0.570799,0.555936
VOC,acchlfrm,Outdoor,555,0.14,24.72,0.369904,0.21
VOC,acchlfrm,Indoor,554,0.14,40.18,1.86223,0.919743
VOC,acchlfrm,"Personal adult",544,0.14,1223.56,4.24733,1.0411
VOC,acchlfrm,"Personal child",209,0.14,38.59,2.03194,1.1423
VOC,acdchben,Outdoor,555,0.215,355.05,2.14968,0.455
VOC,acdchben,Indoor,554,0.215,4050.73,68.8416,1.39734
VOC,acdchben,"Personal adult",544,0.215,2153.45,56.827,1.88
VOC,acdchben,"Personal child",209,0.215,1783.5,121.561,4.18
VOC,acethben,Outdoor,555,0.11,36.24,1.2828,0.929986
VOC,acethben,Indoor,554,0.28792,68.37,2.51932,1.46288
VOC,acethben,"Personal adult",544,0.11,64.55,2.77928,1.68309
VOC,acethben,"Personal child",209,0.11,60.24,3.33594,1.95
VOC,acdlimo,Outdoor,555,0.35,74.2,1.96926,0.635
VOC,acdlimo,Indoor,554,0.35,2101.31,30.9788,9.67
VOC,acdlimo,"Personal adult",544,0.35,5113.77,41.1447,11.7657
VOC,acdlimo,"Personal child",209,0.635,577.737,32.1082,17.36
VOC,acmetchl,Outdoor,555,0.145,39.86,1.06207,1.05
VOC,acmetchl,Indoor,554,0.145,187.638,2.39539,1.05
VOC,acmetchl,"Personal adult",544,0.145,329.851,3.11162,1.05
VOC,acmetchl,"Personal child",209,0.145,88.8789,1.70488,0.87517
VOC,acmtbe,Outdoor,555,0.19,105.173,8.10629,5.32
VOC,acmtbe,Indoor,554,0.19,348.04,11.792,5.9821
VOC,acmtbe,"Personal adult",544,0.19,843.74,14.7746,7.14
VOC,acmtbe,"Personal child",209,0.19,224.829,11.6854,7.0325
VOC,acalpin,Outdoor,555,0.14,63.17,1.3122,1.02
VOC,acalpin,Indoor,554,0.397234,174.665,7.04217,2.59748
VOC,acalpin,"Personal adult",543,0.545976,231.48,6.85964,2.88
VOC,acalpin,"Personal child",209,0.754038,36.0293,5.68902,3.56793
VOC,acbepin,Outdoor,555,0.505,46.17,0.944849,0.505
VOC,acbepin,Indoor,554,0.505,123.14,4.8492,1.2138
VOC,acbepin,"Personal adult",544,0.505,133.16,5.52746,1.52111
VOC,acbepin,"Personal child",209,0.505,35.2938,5.33162,2.84728
VOC,acstyren,Outdoor,555,0.17,47,0.582478,0.42
VOC,acstyren,Indoor,554,0.17,59.3733,1.4674,0.42
VOC,acstyren,"Personal adult",544,0.17,59.52,1.54683,0.42
VOC,acstyren,"Personal child",209,0.17,39.6988,1.69673,0.652476
VOC,actoluen,Outdoor,555,3.35,64.97,6.82732,3.56
VOC,actoluen,Indoor,554,3.35,323.95,15.2603,10.4065
VOC,actoluen,"Personal adult",544,3.35,641.47,19.1193,12.42
VOC,actoluen,"Personal child",209,3.35,238.39,18.3027,12.34
VOC,actriche,Outdoor,555,0.12,30.07,0.337856,0.22
VOC,actriche,Indoor,554,0.12,132.321,0.970312,0.22
VOC,actriche,"Personal adult",544,0.12,200.31,1.4419,0.22
VOC,actriche,"Personal child",209,0.12,9.62,0.347749,0.12
VOC,actetche,Outdoor,555,0.11,41.82,1.0229,0.61
VOC,actetche,Indoor,554,0.11,78.05,1.84082,0.84221
VOC,actetche,"Personal adult",544,0.11,2617.79,7.17316,0.892963
VOC,actetche,"Personal child",209,0.11,211.104,2.82255,0.56657
VOC,acmpxyle,Outdoor,555,0.325,51.21,3.55971,2.48598
VOC,acmpxyle,Indoor,554,0.325,231.22,7.32427,4.07263
VOC,acmpxyle,"Personal adult",544,0.7,219.05,8.06512,4.41686
VOC,acmpxyle,"Personal child",209,0.7,205.41,8.87428,5.14575
VOC,acoxyle,Outdoor,555,0.145,80.98,1.46117,0.96
VOC,acoxyle,Indoor,554,0.145,66.88,2.4676,1.46
VOC,acoxyle,"Personal adult",544,0.422403,79.56,2.86959,1.72493
VOC,acoxyle,"Personal child",209,0.145,59.65,2.90905,1.96
AER,AER,Indoor,524,2.5,87.4998,2.85521,2.5
