LinkID,RecID,q0d_HouseID,q0b_state,q0c_ID,q0c_date,q1_NoFloors,q2_Awake,q2_other,q3_NoRooms,q4_wood,q4_arearug,q4_carpet,q4_cement,q4_other,q4_specify,q5_Carpeted,q6_dust,q6_additional,q6_detail,q7_Intersection,q8_Wood,q8_Brick,q8_VinylAl,q8_Concrete,q8_Stucco,q8_AsbAsph,q8_Other,q8_specify,q9_slab,q9_crawl,q9_basecrawl,q9_fullbase,q9_other,q9_specify,q9f_dontknow,q10_havebasement,q11_typebase,q11e_unvented,q11f_other,q11f_specify,q12_pool,q13_located,q14_hottub,q15_emissions,q15_specify,q16_DC200,q16_DCHalf,q16_GS200,q16_GSHalf,q16_FR200,q16_FRHalf,q16_Rest200,q16_RestHalf,q16_Bake200,q16_BakeHalf,q16_Other200,q16_specify200,q16_OtherHalf,q16_specifyHalf,q17a_major,q17b_truck,q17c_airport,q17d_flight,q17e_shipping,q17f_bus,q17g_train,q17h_unpaved,q17i_other,q17i_specify,q18_pets,q18_list,q19_volume_m3,q19_volume_outside,q19_volume_inside,q19_vol_ft3,q20_store_cleaning_compds,qfp1_outside,qfp1_units,qfp2_inside,qfp2_units,qfp3_units,qfp3_basement,qfp3_first,qfp3_second,qfp3_third,qfp3_fourth,qfp3_attic
CA042110,31,CA052,CA,NY,"2000-05-08 00:00:00",1,B,,7,0,1,1,0,0,,4,C,0,,"SPROUL AVE. AND MILITARY AVE.",1,0,0,0,1,0,0,,1,0,0,0,0,,0,0,,0,0,,0,,0,0,,0,1,0,1,0,0,0,1,0,1,0,,0,,0,0,2,274.32,0,0,0,0,0,NULL,0,,0,0,0,3070,"cleaners under kitchen and bathroom sinks, sealed paintcans in backyard",0,,0,,,0,0,0,0,0,0
CA043110,32,CA053,CA,DS,"2000-05-11 00:00:00",2,B,,4,0,0,1,0,1,TILE,3,C,0,,"S. SEPULVEDA AND RICHLAND",0,0,0,1,0,0,0,,0,0,0,0,1,GARAGE,0,0,,0,0,,0,,0,0,,0,1,0,1,0,0,0,1,0,1,0,,1,LUMBERYARD,91.44,182.88,2,0,0,0,0,0,0,NULL,0,,0,0,0,3760,"cleaners in 2nd floor bathroom bt sink and toilet",0,,0,,,0,0,0,0,0,0
CA044110,4,CA054,CA,NY,"2000-05-15 00:00:00",1,B,,6,0,0,1,0,0,,5,B,0,,"ELFORD & YODER",0,0,0,0,1,0,0,,1,0,0,0,0,,0,0,,0,0,,1,B,0,1,"COMPUTER PARTS, CEME",0,0,0,1,0,0,0,0,0,0,0,,0,,45.72,0,0,0,0,0,0,0,0,NULL,1,"2 DOGS OUTSIDE",0,0,0,6405,"under kitchen sink and master bedroom sink; paints and other in garage",0,,0,,,0,0,0,0,0,0
CA045110,33,CA055,CA,DS,"2000-05-18 00:00:00",2,B,,5,0,1,1,0,1,"TILE IN BATHROOM AND",4,B,0,,"AYRES AND PROSSER",0,0,0,1,0,0,0,,0,1,0,0,0,,0,0,,0,0,,0,,0,0,,0,0,0,1,0,0,0,1,0,0,0,,0,,0,1,3,1,0,0,0,0,0,NULL,0,,0,0,0,5959,"cleaners under bathroom and kitchen sinks",0,,0,,,0,0,0,0,0,0
CA046110,3,CA056,CA,"DS, NY","2000-05-19 00:00:00",1,B,,6,0,0,1,0,0,,5,B,0,,,1,1,0,0,1,0,0,,1,0,0,0,0,,0,0,,0,0,,0,,0,1,,0,0,0,0,0,0,0,0,0,0,0,,0,,0,0,0,1,0,0,0,0,0,NULL,1,"1 GOLDFISH",0,0,0,4311,"under kitchen sink and master bath sink",0,,0,,,0,0,0,0,0,0
CA047110,87,CA057,CA,NY,"2000-05-25 00:00:00",1,B,,5,0,0,1,0,1,VINYL,2,B,0,,"ELFORD AND YODDER ST.",0,0,0,0,1,0,0,,1,0,0,0,0,,0,0,,0,0,,0,,0,0,,0,0,0,0,0,0,0,0,0,0,0,,0,,45.72,182.88,0,0,0,0,0,0,0,NULL,0,,0,0,0,4473,"cleaners in kitchen cabinet and pesticides outside",0,,0,,,0,0,0,0,0,0
CA048110,88,CA058,CA,DS,"2000-06-09 00:00:00",2,B,,7,1,0,1,0,1,"KITCHEN TILE",3,C,0,,"DANVILLE AND SANDOVAL",0,1,0,0,1,1,0,,0,1,0,0,0,,0,0,,0,0,,0,,0,0,,0,0,0,0,0,0,0,0,0,0,1,"2-3 DIFFERENT INDUST",0,,1,0,0,0,0,0,0,0,0,NULL,0,,0,0,0,8536,"cleaners under kitchen and bathroom sinks, paints on oatio, paints and insectici",0,,0,,,0,0,0,0,0,0
CA049110,89,CA059,CA,DS,"2000-06-09 00:00:00",1,B,,6,0,0,1,0,1,"TILE IN KITCHEN AND",5,C,0,,"CROTON AND NOYES",0,0,0,1,0,0,0,,1,0,0,0,0,,0,0,,0,0,,0,,0,1,"2-3 INDUSTRIES OFF S",0,0,0,0,0,0,0,0,0,0,0,,0,,182.88,0,0,0,0,0,0,0,0,NULL,1,"2 DOGS",0,0,0,3976,"cleaners under kitchen sink, paints and insecticides in shed",0,,0,,,0,0,0,0,0,0
CA050110,90,CA060,CA,DS,"2000-06-12 00:00:00",1,B,,5,0,0,1,0,1,"KITCHEN TILE",4,C,0,,"BALMORAL AND CROTON AVE.",1,0,0,1,0,0,0,,1,0,0,0,0,,0,0,,0,0,,1,B,1,0,"2-3 INDUSTRIES OFF S",0,0,0,1,0,0,0,0,0,0,0,,0,,137.16,1,0,0,1,0,0,0,0,NULL,0,,0,0,0,4457,"cleaners under kitchen sink and in guest room, insecticides in guestroom",0,,0,,,0,0,0,0,0,0
CA051110,91,CA061,CA,NY,"2000-06-23 00:00:00",1,B,,6,0,0,1,0,1,"KITCHEN TILE",4,C,0,,"OAKLAWN AND BELMONT",1,0,0,0,1,0,0,,1,0,0,0,0,,0,0,,0,0,,0,,0,0,,0,0,0,1,0,0,0,1,0,0,1,"2-3 INDUSTRIES OFF S",0,,0,0,0,0,0,0,0,0,0,NULL,1,"1 DOG (OUTSIDE)",0,0,0,5152,"cleaners under kitchen sink",0,,0,,,0,0,0,0,0,0
CA052110,92,CA062,CA,NY,"2000-06-16 00:00:00",1,B,,6,0,0,1,0,0,,4,C,0,,"DURFEE AND BATA RD.",0,1,0,0,1,0,0,,0,1,0,0,0,,0,0,,0,0,,0,,0,0,,0,0,0,1,0,0,0,0,0,0,0,,0,,0,0,0,0,2,0,0,0,0,NULL,0,,0,0,0,8390,"cleaners under kitchen and bathroom sinks, paints and pesticides abouve laundry",0,,0,,,0,0,0,0,0,0
CA053110,93,CA063,CA,NY,"2000-07-05 00:00:00",1,B,,5,0,0,1,0,1,VINYL,3,B,0,,"FRIENSHIP AND DURFEE AVE.",1,1,0,1,0,0,0,,0,1,0,0,0,,0,0,,0,0,,0,,0,0,,0,0,0,0,0,0,0,0,0,0,0,,0,,0,0,0,0,0,0,0,0,0,NULL,0,,0,0,0,6874,,0,,0,,,0,0,0,0,0,0
CA054110,94,CA064,CA,"NY, JJ","2000-07-10 00:00:00",1,B,,6,0,0,1,0,0,,4,B,0,,"BRIERFIELD AND SANDOVAL",0,1,0,0,1,0,0,,0,1,0,0,0,,0,0,,0,0,,0,,0,0,,0,0,0,0,0,0,0,0,0,0,0,,0,,0,0,0,0,0,0,0,0,0,NULL,1,"1 TURTLE",0,0,0,5092,,0,,0,,,0,0,0,0,0,0
CA055110,95,CA065,CA,"DS, NY","2000-06-26 00:00:00",1,B,,6,0,0,1,0,0,,4,A,0,,"CHAPELLE AND CATE RD.",1,0,0,1,1,0,0,,0,1,0,0,0,,0,0,,0,0,,1,B,0,0,,0,0,0,1,0,0,0,0,0,0,0,,0,,0,0,0,0,0,0,0,0,0,NULL,1,"I DOG, FISH",0,0,0,4910,"cleaners under kitchen sink, insecticides and paint in garage",0,,0,,,0,0,0,0,0,0
CA056110,96,CA066,CA,SS,"2000-07-31 00:00:00",1,B,,5,0,0,1,0,0,,4,B,0,,"DOMO AND ELFORD",1,0,0,0,1,0,0,,1,0,0,0,0,,0,0,,0,0,,0,,0,0,"2-3 INDUSTRIES OFF S",0,0,0,1,0,0,0,0,0,0,1,FREEWAY,0,,27.432,0,0,0,0,0,0,0,0,NULL,0,,0,0,0,4569,"cleaners under kitchen and bathroom sinks",0,,0,,,0,0,0,0,0,0
CA057110,34,CA067,CA,DS,"2000-07-17 00:00:00",1,B,,5,1,0,0,0,0,,0,B,0,,"ESTHER AND WESTWOOD",1,1,0,0,1,0,0,,0,1,0,0,0,,0,0,,0,0,,0,,0,0,,0,0,0,1,0,0,0,1,0,0,0,,0,,0,0,0,457.2,0,0,0,0,0,NULL,0,"1 CAT",0,0,0,5929,"cleaners on back porche and paint in garage",0,,0,,,0,0,0,0,0,0
CA058110,35,CA068,CA,SS,"2000-07-17 00:00:00",2,B,,6,0,0,1,0,0,"LINOLEUM IN KITCHEN",4,C,0,,"SELBY AND CLARKSON",0,1,0,0,0,0,0,,1,0,0,0,0,,0,0,,0,0,,0,,0,0,,0,0,0,1,0,0,0,1,0,1,1,FREEWAY,0,,68.58,0,0,0,0,0,0,0,0,NULL,0,"1 DOG",0,0,0,5135,"cleaners on dryer and paints in garage",0,,0,,,0,0,0,0,0,0
CA059110,36,CA069,CA,NY,"2000-07-24 00:00:00",2,B,,7,1,1,1,0,0,,2,C,0,,"GRAND VIEW AND NATIONAL",0,1,0,0,1,0,0,,0,1,0,0,0,,0,0,,0,0,,0,,1,0,,0,0,0,1,0,0,0,1,0,0,1,"BALLFIELDS ACROSS ST",0,,0,0,1,0,0,0,0,0,0,NULL,0,"1 DOG",0,0,0,8676,"paints and pesticides in garage, cleaners under kitchen sink, on shelves abouve",0,,0,,,0,0,0,0,0,0
CA060110,37,CA070,CA,"SS, NY","2000-07-21 00:00:00",1,B,,6,1,1,1,0,1,"LINOLEUM IN KITCHEN",2,A,0,,"LAWLER AND INGELWOOD",0,1,0,0,1,0,0,,0,1,0,0,0,,0,0,,0,0,,0,,0,0,,0,0,0,0,0,0,0,0,0,0,0,,0,,1,0,4,3,0,0,0,0,0,NULL,0,"2 BIRDS, 1 LIZARD",0,0,0,10469,"paints in shed, cleaners under kitchen sink and in utility closet",0,,0,,,0,0,0,0,0,0
CA061110,38,CA071,CA,DS,"2000-08-04 00:00:00",1,B,,5,0,1,1,0,1,"KITCHEN TILE",2,C,0,,"KELTON AND EXPOSIION",1,0,0,1,0,0,0,,0,1,0,0,0,,0,0,,0,0,,0,,0,1,"CEMENT PLANT (.25 M)",0,0,0,1,0,0,0,1,0,0,0,,1,"CEMENT PLANT",45.72,320.04,2,0,0,0,0,0,0,NULL,0,,0,0,0,7362,"paints and insecticides in garage, cleaners under kitchen sink and in hall close",0,,0,,,0,0,0,0,0,0
CA062110,39,CA072,CA,SS,"2000-08-23 00:00:00",1,B,,6,1,1,0,0,1,"KITCHEN LINOLEUM",3,A,0,,"OVERLAND AND ESTHER",0,0,0,0,1,0,0,,0,1,0,0,0,,0,0,,0,0,,0,,0,0,,0,1,0,1,0,0,0,1,0,1,0,,1,FREEWAY,0,0,0,0,0,0,0,0,0,NULL,0,"1 DOG",0,0,0,6353,"cleaners under bathroom and kitchen sinks",0,,0,,,0,0,0,0,0,0
CA063110,40,CA073,CA,CF,"2000-09-14 00:00:00",3,B,,7,0,1,0,0,0,,0,C,0,,"PICO AND AYRES",1,0,0,0,0,0,0,,1,1,0,0,0,,0,0,,0,0,,0,,0,0,,1,1,0,1,0,0,1,1,0,0,0,,1,"PARK AND GOLF COURSE",18.288,0,0,0,0,0,0,0,0,NULL,0,"2 DOGS",0,0,0,12612,"cleaners under kitchen sink, in laundrey room, and in garage",0,,0,,,0,0,0,0,0,0
CA065110,2,CA075,CA,"JJ, SS","2000-07-17 00:00:00",1,B,,5,1,0,1,0,1,LINOLEUM,4,A,1,"A-CONSTRUCTION DUST","MAGNOLIA & SHELTON",0,0,0,0,1,0,0,,0,1,0,0,0,,0,0,,0,0,,0,,0,1,"BURBANK TRANSMISSION",0,1,0,1,0,0,1,1,0,1,0,,1,"AUTO MACHINE SHOP 2",0,36.576,3,0,0,0,0,0,0,NULL,1,"1 DOG",0,0,0,8222,"under kitchen and bathroom sinks, in laundry room",0,,0,,,0,0,0,0,0,0
CA066110,1,CA076,CA,CORI,"2000-07-24 00:00:00",1,B,,4,0,0,1,0,1,LINOLEUM,3,B,0,,"CHANDLER & SHELTON, MAGNOLIA & SHELTON",0,0,0,0,1,0,0,,0,1,0,0,0,,0,0,,0,0,,0,,0,1,"FORMERLY A PLATING P",0,0,0,1,1,0,0,1,0,1,0,,1,"INDUSTRY ON CHANDLER",0,182.88,2,0,0,0,1,0,0,NULL,0,,0,0,0,5634,"cleaners under kitchen and bathroom sinks, bleach in service porch, paints and p",0,,0,,,0,0,0,0,0,0
CA067110,97,CA077,CA,NY,"2000-07-28 00:00:00",1,B,,6,0,0,1,0,0,,6,B,0,,"SCOTT AND SAN FERNANDO RD.",1,1,0,0,1,0,0,,0,1,0,0,0,,0,0,,0,0,,0,,0,0,,0,1,0,1,0,0,1,1,0,1,1,FREEWAY,0,,18.288,32.004,4,0,0,0,0,0,0,NULL,0,,0,0,0,6008,"cleaners in laundry closet",0,,0,,,0,0,0,0,0,0
CA068110,98,CA078,CA,DS,"2000-08-10 00:00:00",1,B,,5,0,0,1,0,1,"KITCHEN TILE",4,C,0,,"N. GRIFITH PARK RD. AND BURBANK BLVD.",1,0,0,0,1,0,0,,0,1,0,0,0,,0,0,,0,0,,0,,0,0,,0,0,0,1,0,0,0,1,0,0,0,,0,,228.6,0,2,1,0,0,0,0,0,NULL,0,,0,0,0,7585,"cleaners in ktchen cupborad",0,,0,,,0,0,0,0,0,0
CA069110,99,CA079,CA,JJ,"2000-08-30 00:00:00",1,B,,4,1,0,0,0,0,,0,B,0,,"BEACHWOOD AND CHANDLER BLVD.",1,0,0,1,1,0,0,,1,0,0,0,0,,0,0,,0,0,,0,,0,0,,0,0,0,0,0,0,0,1,0,1,0,,0,,0,0,0,0,0,0,0,0,1,NULL,0,,0,0,0,6441,"cleaners in washing machine area",0,,0,,,0,0,0,0,0,0
CA070110,100,CA080,CA,DS,"2000-09-08 00:00:00",2,C,,4,0,0,1,0,1,"KITCHEN TILE",3,C,0,,"SCOTT AND SAN FERNANDO RD.",0,0,0,0,1,0,0,,1,0,0,0,0,,0,0,,0,0,,1,B,1,0,,0,1,0,1,0,0,0,1,0,1,0,,0,,0,0,0,0,0,0,0,0,0,NULL,0,,0,0,0,7518,"cleaners under bathroom and kitchen sinks",0,,0,,,0,0,0,0,0,0
CA071110,101,CA081,CA,NY,"2000-09-18 00:00:00",1,B,,9,1,1,1,0,1,BRICK,1,A,0,,"BROADWAY AND AMHERST",1,0,0,0,1,0,0,,0,1,0,0,0,,0,0,,0,0,,0,,0,0,,0,1,1,1,0,0,1,1,0,1,0,,0,,45.72,0,3,1,0,0,0,0,0,NULL,1,"1 CAT, 1 DOG (OUTSID",0,0,0,4027,"cleaners under kitchen sink, above laundry.  Paints outside",0,,0,,,0,0,0,0,0,0
CA072110,102,CA082,CA,JJ,"2000-09-15 00:00:00",2,B,,4,0,0,1,0,1,"LINOLEUM IN KITCHEN",3,B,0,,"SCOTT AND SAN FERNANDO",0,0,0,0,1,0,0,,1,0,0,0,0,,0,0,,0,0,,1,B,1,1,"POWER PLANT (1.5 M)",0,0,0,1,0,0,0,0,1,0,1,"AUTO REPAIR",0,,0,91.44,0,0,0,0,2,0,0,NULL,0,,0,0,0,10129,"cleaners under kitchen sink and in outside closet",0,,0,,,0,0,0,0,0,0
CA073110,103,CA083,CA,SS,"2000-09-18 00:00:00",3,E,3,4,0,0,1,0,1,"LINOLEUM IN KITCHEN",2,B,0,,"BETHANY AND SAN FERNANDO VALLEY RD",0,0,0,0,1,0,0,,1,0,0,0,0,,0,0,,0,0,,0,,1,0,,1,0,0,1,0,0,1,0,1,0,0,,1,FREEWAY,0,0,2,0,0,0,0,0,0,NULL,1,"2 CATS",0,0,0,8088,"cleaners under kitchen and bathroom sinks; pesticides under kitchen sink",0,,0,,,0,0,0,0,0,0
CA074110,104,CA084,CA,"SS, NY","2000-09-22 00:00:00",1,B,,6,0,0,1,0,1,"LINOLEUM IN KITCHEN",4,C,0,,"N. GRIFFITH PARK DR. AND MAGNOLIA",0,0,0,0,1,0,0,,0,1,0,0,0,,0,0,,0,0,,0,,0,0,,0,1,0,1,0,0,1,0,1,0,0,,0,,0,0,0,0,0,0,0,0,0,NULL,0,,0,0,0,8015,"cleaners under kitchen and bathroom sinks; paints and solvents in backyard shed",0,,0,,,0,0,0,0,0,0
CA001110,6,CA011,CA,NY,"1999-07-11 00:00:00",4,C,,1,0,0,1,0,0,,1,B,0,,"GAYLEY AND CHARLES E YOUNG",1,1,0,1,0,0,0,,0,0,0,0,0,,1,1,B,0,0,,0,,0,0,,0,1,0,1,0,0,0,1,0,0,0,,0,,0,0,0,0,0,0,0,0,0,NULL,0,,0,0,0,1575,,0,,0,,,0,0,0,0,0,0
CA002110,5,CA012,CA,LS,"0000-00-00 00:00:00",4,E,"3RD FLOOR OF BUILDIN",4,0,0,1,0,0,,3,B,0,,"NATIONAL AND OVERLAND",0,0,0,0,1,0,0,,1,0,0,0,0,,0,0,,0,0,,1,B,1,0,,0,0,1,1,0,0,0,0,0,0,0,,0,,18.288,0,7,0,0,0,0,0,0,NULL,0,,0,0,0,6277,,0,,0,,,0,0,0,0,0,0
CA003110,12,CA013,CA,"LS, DS","1999-08-13 00:00:00",1,B,,6,0,0,1,0,0,,5,B,0,,"S. BENTELY AVE. AND QUEENSLAND ST.",0,1,0,1,0,0,0,,0,1,0,0,0,,0,0,,0,0,,0,,1,0,,0,1,0,1,0,0,0,1,0,1,1,,0,"0.8-1.0 MILE: TRUCK",0,0,1,1,0,0,0,0,0,NULL,0,,0,0,0,10922,"cleaners under bathroom sink, paints and thinners in garage, kitchen cleaners un",0,,0,,,0,0,0,0,0,0
CA004110,13,CA014,CA,NY,"1999-08-18 00:00:00",2,C,,3,0,0,1,0,0,,3,B,0,,"SEPULVEDA BLVD AND RICHLAND AVE.",0,0,0,0,1,0,0,,0,0,0,1,0,,0,1,,0,1,PARKING,0,,1,0,,1,0,0,1,1,0,0,0,0,1,0,,0,"CEMENT FACT., LUMBER",0,182.88,1,0,0,0,0,0,0,NULL,0,,0,0,0,4377,"cleaners, paints, and pesticides under kitchen sink",0,,0,,,0,0,0,0,0,0
CA005110,14,CA015,CA,NY,"1999-08-26 00:00:00",5,C,,2,0,0,1,0,0,,2,C,0,,"NATIONAL BLVD. AND CASTLE HEIGHTS AVE.",0,0,0,0,1,0,0,,0,0,0,1,0,,0,1,,0,1,PARKING,1,B,1,0,,0,1,0,1,0,0,0,1,0,1,0,,0,,0,0,3,1,0,0,0,0,0,NULL,0,,0,0,0,4781,"under sink, in closet",0,,0,,,0,0,0,0,0,0
CA006110,15,CA016,CA,NY,"1999-09-08 00:00:00",2,B,,3,0,0,1,0,0,,3,B,0,,"PURDUE AVE. AND NEBRASKA AVE.",0,0,0,1,1,0,0,,0,0,0,0,0,,1,0,,0,0,,0,,0,0,,0,0,0,0,0,0,0,1,0,0,0,,0,,0,0,2,1,0,0,0,0,0,NULL,0,,0,0,0,4064,"cleaners under bathroom sink",0,,130,F,,0,8,0,0,0,0
CA007110,16,CA017,CA,NY,"1999-09-13 00:00:00",1,B,,5,1,1,1,0,1,"TILE WITH AREA RUGS",4,C,0,,"EXPOSITION BLVD. AND MIDVALE AVE.",0,1,0,0,1,0,0,,0,0,0,0,0,,1,0,,0,0,,0,,1,0,,0,1,0,1,0,0,0,1,0,0,0,,0,,0,0,2,182.88,0,0,0,274.32,0,NULL,0,,0,0,0,9625,"paints in garage, cleaners under kitchen sink",0,,194,F,,0,8,0,0,0,0
CA008110,17,CA018,CA,NY,"1999-09-17 00:00:00",2,C,,1,0,0,1,0,0,,1,B,0,,"SEPULVEDA BLVD. AND NATIONAL BLVD.",0,0,0,0,1,0,0,,0,1,0,0,0,,0,0,,0,0,,0,,0,0,,0,0,0,0,0,0,1,0,1,0,0,,0,,0,0,1,0,0,0,0,0,0,NULL,0,,0,0,0,1721,"cleaners under sink",0,,0,,,0,0,0,0,0,0
CA009110,18,CA019,CA,NY,"1999-09-29 00:00:00",1,B,,5,0,1,0,0,0,,3,B,0,,"OVERLAND AVE. AND ASHBY AVE.",1,0,0,1,0,0,0,,0,1,0,0,0,,0,0,,0,0,,0,,1,0,,0,1,0,0,0,0,0,1,0,1,0,,1,TRAFFIC,68.58,0,0,0,0,0,0,0,0,NULL,1,"1 CAT",0,0,0,6280,"cleaners under bathroom and kitchen sinks",0,,0,,,0,0,0,0,0,0
CA010110,19,CA020,CA,NY,"1999-09-29 00:00:00",1,B,,5,1,1,1,0,0,,2,C,0,,"INGLEWOOD BLVD. AND INDIANAPOLIS AVE.",1,0,0,0,1,0,0,,0,1,0,0,0,,0,0,,0,0,,0,,1,0,,0,1,0,1,0,0,0,0,0,0,0,,0,,1,0,1,0,0,0,0,0,0,NULL,0,,0,0,0,8138,"cleaners under kitchen and bathroom sinks and kitchen cabinet, pints in garage",0,,0,,,0,8,0,0,0,0
CA011110,20,CA021,CA,DS,"1999-09-29 00:00:00",2,C,,2,0,0,1,0,0,,2,C,0,,"SEPULVEDA BLVD. AND RICHLAND AVE.",0,0,0,0,1,0,0,,0,0,0,1,0,,0,1,,0,1,PARKING,0,,1,0,,0,1,0,0,0,0,0,1,0,1,0,,0,,9.144,0,0,0,0,0,0,0,0,NULL,0,,0,0,0,6588,"cleaners under kitchen and bathroom sinks and hall closet. Spray paint in bedroo",0,,0,,,0,0,0,0,0,0
CA012110,21,CA022,CA,DS,"1999-10-08 00:00:00",1,B,,6,1,0,0,0,0,,2,C,0,,"WESTWOOD BLVD. AND ESTHER AVE.",0,0,0,0,1,0,0,,0,1,0,0,0,,0,0,,0,0,,0,,0,0,,0,1,0,1,0,0,0,1,0,1,0,,0,,0,0,0,0,0,0,0,0,0,NULL,1,CATS,0,0,0,3720,"cleaners under kitchen sink, water/oil based paints in office, fertilizers, inse",0,,0,,,0,8,0,0,0,0
CA013110,22,CA023,CA,DS,"1999-10-08 00:00:00",1,B,,6,1,1,1,0,0,,2,B,0,,"STANWOOD DR. AND INGLEWOOD BLVD.",0,0,0,0,1,0,0,,0,1,0,0,0,,0,0,,0,0,,0,,1,0,,0,1,0,0,0,0,0,1,0,0,0,,0,,0,182.88,0,0,0,0,0,0,0,NULL,0,"1 PARROT",0,0,0,901,"cleaners in laundry room closet, paints in garage cabinet",0,,0,,,0,8,0,0,0,0
CA014110,23,CA024,CA,NY,"1999-10-15 00:00:00",1,B,,2,0,0,1,0,0,,2,B,0,,"SAWTELLE BLVD. AND NATIONAL BLVD.",0,0,0,0,1,0,0,,0,1,0,0,0,,0,0,,0,0,,0,,0,0,,1,0,1,0,0,0,1,0,1,0,0,,0,,0,182.88,0,0,0,0,0,0,0,NULL,0,,0,0,0,3443,"cleaning compounds and insecticides under sink",0,,0,,,0,8,0,0,0,0
CA015110,24,CA025,CA,DS,"1999-10-22 00:00:00",1,B,,6,0,1,0,0,0,,0,B,0,,"OVERLAND AND PICO",0,0,0,0,1,0,0,,0,1,0,0,0,,0,0,,0,0,,0,,0,0,,0,1,0,1,0,0,0,1,0,1,0,,0,,365.76,457.2,0,137.16,0,0,0,0,0,NULL,0,,0,0,0,6061,"cleaning compounds under bathroom and kitchen sinks",0,,0,,,0,0,0,0,0,0
CA016110,25,CA026,CA,DS,"1999-10-22 00:00:00",1,B,,1,0,0,1,0,0,,1,B,0,,"S. SEPULVEDA AND EXPOSITION OR RICHLAND",0,0,0,1,0,0,0,,0,1,0,0,0,,0,0,,0,0,,0,,0,1,"CEMENT PLANT, TRUCK",0,1,0,1,0,0,0,1,0,1,0,,1,CONSTRUCTION,0,1,182.88,0,0,0,0,0,0,NULL,0,,0,0,0,2112,"cleaners under bathroom and kitchen sinks",0,,0,,,0,0,0,0,0,0
CA017110,26,CA027,CA,NY,"1999-10-29 00:00:00",1,B,,4,0,1,0,0,0,,0,C,0,,"INGLEWWOD BLVD.",0,0,0,0,1,0,0,,0,1,0,0,0,,0,0,,0,0,,0,,0,0,,0,0,0,0,0,0,0,0,0,0,0,,0,,0,0,0,0,0,0,0,0,0,NULL,0,,0,0,0,7310,"cleaners under kitchen sink",0,,0,,,0,0,0,0,0,0
CA018110,27,CA028,CA,DS,"1999-11-03 00:00:00",2,B,,2,0,0,1,0,0,,2,C,0,,"ROSE AVE. AND OVERLAND AVE.",0,0,0,1,0,0,0,,0,0,0,1,0,,0,1,C,0,1,LAUNDRY,1,,0,0,,0,0,0,1,0,0,1,0,0,0,0,,0,,0,0,0,1,0,0,0,0,0,NULL,0,,0,0,0,5189,"cleaners under bathroom sink",0,,0,,,0,8,0,0,0,0
CA019110,28,CA029,CA,NY,"1999-11-03 00:00:00",1,B,,6,0,1,1,0,0,,4,C,0,,"STONER AVE. AND STANWOOD AVE.",0,0,0,0,1,0,0,,0,1,0,0,0,,0,0,,0,0,,0,,1,0,,0,1,0,0,0,0,0,1,0,1,0,,0,,0,0,1,0,0,0,0,0,0,NULL,0,,0,0,0,5848,"cleaners under kitchen sink",0,,0,,,0,0,0,0,0,0
CA020110,29,CA030,CA,DS,"1999-12-10 00:00:00",1,B,,6,0,1,0,0,0,,0,C,0,,"GRAND VIEW AND NATIONAL",0,0,0,0,0,0,0,,0,0,0,0,0,,0,0,,0,0,,0,,0,0,,0,0,0,1,0,0,0,0,0,0,0,,0,,91.44,0,1,0,0,0,0,0,0,NULL,0,,0,0,0,9835,"cleaners under kitchen sink",0,,0,,,0,8,0,0,0,0
CA021110,8,CA031,CA,DS,"2000-01-14 00:00:00",1,B,,6,1,0,1,0,1,"MARBLE TILES",3,C,0,,"WALNUT ST AND 16TH ST",0,0,0,1,0,0,0,,0,1,0,0,0,,0,0,,0,0,,0,,0,0,,0,0,0,0,0,0,0,0,0,0,1,"ROAD WITH UNPAVED SI",1,METROLINK,1,1,0,0,0,0,0,0,9.144,NULL,1,"1 DOG",0,0,0,4206,"cleaners under kitchen and bathroom sinks; pesticides in backyard",0,,0,,,0,0,0,0,0,0
CA022110,7,CA032,CA,"CG, DS","2000-01-19 00:00:00",1,B,,6,0,0,1,0,0,,5,B,1,CLUTTERED,"WILEY CANYON AND WABUSKA",0,0,1,0,0,0,0,,0,0,0,0,1,"MOBILE HOME",0,0,,0,0,,0,,0,0,,0,1,0,1,0,0,0,1,0,0,0,,0,,91.44,0,0,0,0,0,0,0,0,NULL,1,"1 DOG, 4 INDOOR CATS",0,0,0,4600,"bleach in laundry area; cleaners under kitchen sink and in master bath",0,,0,,,0,0,0,0,0,0
CA023110,69,CA033,CA,DS,"2000-01-28 00:00:00",2,C,,5,0,1,1,0,0,,3,C,0,,"AVENIDA DORENA AND LYONS AVE.",1,0,0,1,0,0,0,,1,0,0,0,0,,0,0,,0,0,,0,,0,1,"SEVERAL GAS STATIONS",0,0,1,1,0,0,0,1,0,0,1,"RSIDENCE CONSTRUCTIO",0,,548.64,91.44,0,0,0,0,0,0,0,NULL,1,"1 CAT, 1 DOG",0,0,0,5186,"cleaners and paints in garage",0,,0,,,0,0,0,0,0,0
CA024110,70,CA034,CA,NY,"2000-02-04 00:00:00",1,B,,7,0,1,0,0,0,,4,B,0,,"MARKEL DR. AND DENICE PL.",1,1,0,0,1,0,0,,0,0,0,0,0,,1,0,,0,0,,0,,1,0,,0,1,0,1,0,0,0,1,0,1,1,"CONSTRUCTION NEAR FR",0,,365.76,365.76,0,0,0,0,5486.4,1371.6,0,NULL,1,"2 DOGS",0,0,0,5707,"cleaners under bathroom and kitchen sinks, gas in shed, paints in garage",0,,0,,,0,0,0,0,0,0
CA025110,71,CA035,CA,CG,"2000-02-07 00:00:00",1,B,,3,0,0,1,0,1,TILE,4,B,0,,"LYONS AND WALNUT",0,0,0,0,1,0,0,,0,1,0,0,0,,0,0,,0,0,,0,,0,0,,0,0,0,0,0,0,0,0,0,0,0,,0,,0,0,0,0,0,0,0,91.44,0,NULL,1,"1 BIRD",0,0,0,5336,"cleaners under kitchen sink",0,,0,,,0,0,0,0,0,0
CA026110,72,CA036,CA,NY,"2000-02-11 00:00:00",1,B,,4,0,0,1,0,1,"FLOOR TILE AND PARTI",4,B,0,,"WABUSUA ST. AND HAWKBRYN AVE.",0,0,0,0,0,0,1,STEEL,0,0,0,0,0,,1,0,,0,0,,0,,1,0,,0,1,0,1,0,0,0,1,0,1,0,,0,,0,0,0,0,0,0,0,0,0,NULL,0,,0,0,0,4652,"pesticides under kitchen sink and paints in shed",0,,0,,,0,0,0,0,0,0
CA027110,73,CA037,CA,DS,"2000-02-18 00:00:00",1,B,,7,0,0,1,0,0,,6,C,0,,"CHERYL KELTON",0,0,0,0,1,0,0,,1,0,0,0,0,,0,0,,0,0,,0,,0,0,,0,1,0,1,0,0,0,1,0,1,0,,0,,0,0,0,0,0,0,0,0,0,NULL,0,,0,0,0,6408,"paints in garage, cleaners under kitchen and bathroom sink",0,,0,,,0,0,0,0,0,0
CA028110,74,CA038,CA,"DS, NY","2000-02-21 00:00:00",2,B,,5,0,0,1,0,0,,4,B,0,,"DORENA AVE. AND LA GLORITA CIRCLE",0,1,0,0,1,0,0,,1,1,0,0,0,,0,0,,0,0,,0,,0,0,,0,1,0,1,0,0,0,1,0,1,0,"CONSTRUCTION ON LYON",0,,457.2,457.2,0,0,0,2,0,0,0,NULL,0,"LIZARD AND GOLDFISH",0,0,0,4149,"cleaners under bathroom and kitchen sinks and pesticides in garage",0,,0,,,0,0,0,0,0,0
CA029110,75,CA039,CA,DS,"2000-03-01 00:00:00",2,B,,5,0,0,1,0,0,,4,C,0,,,0,1,0,0,1,0,0,,1,0,0,0,0,,0,0,,0,0,,0,,0,0,,1,1,0,1,0,0,1,1,1,1,0,,0,,457.2,91.44,0,0,0,0,0,0,0,NULL,0,,0,0,0,4591,"paints in garage and cleaners under kitchen sink",0,,0,,,0,0,0,0,0,0
CA030110,76,CA040,CA,CG,"2000-03-08 00:00:00",1,B,,5,1,0,1,0,1,"TILE IN KITCHEN AND",4,C,0,,"LYONS AND WILEY CANYON",0,0,0,0,1,0,0,,1,0,0,0,0,,0,0,,0,0,,0,,0,0,,0,1,0,1,0,0,0,1,0,1,0,,0,,0,0,0,0,0,0,0,0,0,NULL,0,"1 DOG",0,0,0,5601,"cleaners under kitchen and bathroom sink, paints in garage",0,,0,,,0,0,0,0,0,0
CA031110,77,CA041,CA,"DS, NY","2000-03-13 00:00:00",2,B,,4,0,0,1,0,0,,3,C,0,,"WALNUT ST. AND 10TH ST.",1,1,0,0,1,0,0,,1,0,0,0,0,,0,0,,0,0,,0,,0,0,,0,0,0,0,0,0,0,0,0,0,1,"UNPAVED ROAD (100 Y)",0,,0,0,0,0,0,0,0,91.44,0,NULL,0,,0,0,0,3322,"cleaners under kitchen and bathroom sinks, paits under bathroom sink",0,,0,,,0,0,0,0,0,0
CA032110,78,CA042,CA,"NY, DS","2000-04-05 00:00:00",2,B,,5,0,0,1,0,0,,4,C,0,,"PLAYER DR. AND GOLFVIEW DR.",1,0,0,0,1,0,0,,1,0,0,0,0,,0,0,,0,0,,0,,0,0,,0,1,0,0,0,0,0,1,0,0,0,,0,,0,0,0,1,0,0,0,0,0,NULL,0,"1 DOG",0,0,0,7204,"cleaners under sink, pesticides and paint in garage",0,,0,,,0,0,0,0,0,0
CA033110,79,CA043,CA,DS,"2000-04-10 00:00:00",1,B,,5,0,0,1,0,0,,5,B,0,,"JENNIFER PL. AND CHERYL KELTON RD.",1,1,0,1,0,0,0,,1,0,0,0,0,,0,0,,0,0,,0,,1,0,,0,1,0,1,0,0,0,1,0,1,0,,0,,91.44,0,0,0,0,0,0,0,0,NULL,1,"2 DOGS, 2 CATS",0,0,0,7150,"cleaners under kitchen and bathroom sinks, paints and thinners in garage",0,,0,,,0,0,0,0,0,0
CA034110,80,CA044,CA,LS,"2000-04-14 00:00:00",2,B,,5,0,0,1,0,0,,4,B,0,,"LYON AVE. AND WALNUT",0,0,0,0,1,0,0,,1,0,0,0,0,,0,0,,0,0,,0,,0,0,,0,0,0,1,0,0,0,1,0,0,1,"CHESTNUT ST. UNPAVED",0,,1,0,0,0,0,0,0,45.72,0,NULL,1,"1 TURTLE",0,0,0,2910,"cleaners under kitchen and bathroom sinks, insecticides under kitchen sinks.",0,,0,,,0,0,0,0,0,0
CA035110,81,CA045,CA,"DS, LS","2000-04-12 00:00:00",1,B,,3,1,0,1,0,1,"PREFABRICATED TILE F",2,A,0,,"HAWKBYRN AVE. AND WABUSHKA ST.",0,0,1,0,0,0,1,"PREFABRICATED BOARDI",0,1,0,0,1,"PREFAB. MOBILE HOME",0,0,,0,0,,0,,0,0,,0,1,0,1,0,0,0,1,0,1,1,"RESUSPENDED STREET D",0,,45.72,914.4,0,0,0,0,0,0,36.576,NULL,1,"4 CATS",0,0,0,2750,,0,,0,,,0,0,0,0,0,0
CA036110,82,CA046,CA,"DS, LS","2000-04-12 00:00:00",1,B,,3,0,0,1,0,0,,2,C,0,,"15TH ST. AND WALNUT ST.",0,0,0,0,1,0,0,,0,1,0,0,0,,0,0,,0,0,,0,,0,0,,0,0,0,1,0,0,0,1,0,1,1,"CHESTNUT ST. UNPAVED",0,,731.52,0,0,0,0,0,1,45.72,0,NULL,0,,0,0,0,2578,,0,,0,,,0,0,0,0,0,0
CA037110,83,CA047,CA,NY,"2000-04-19 00:00:00",2,C,,3,0,0,1,0,0,,2,B,0,,"WALNUT ST. AND 15TH ST.",0,0,0,0,1,0,0,,1,0,0,0,0,,0,0,,0,0,,1,B,0,0,,0,0,0,1,0,0,0,1,0,0,0,"CHESTNUT ST. UNPAVED",0,,0,45.72,0,0,0,0,0,45.72,0,NULL,0,,0,0,0,3258,"cleaners under kitchen sink",0,,0,,,0,0,0,0,0,0
CA038110,84,CA048,CA,NY,"2000-04-24 00:00:00",1,B,,5,0,0,1,0,0,,4,C,0,,"HILSE LN. AND WALNUT ST.",1,0,0,0,0,0,1,STONE,1,0,0,0,0,,0,0,,0,0,,1,B,0,0,,0,0,0,1,0,0,0,1,0,0,0,"CHESTNUT ST. UNPAVED",0,,0,0,0,0,0,0,0,27.432,0,NULL,1,"2 DOGS",0,0,0,5154,"cleaners under kitchen and batroom sinks and in garage",0,,0,,,0,0,0,0,0,0
CA039110,85,CA049,CA,NY,"2000-04-24 00:00:00",1,B,,8,1,0,0,0,0,,0,C,0,,"CHESTNUT ST. AND 15TH ST.",1,0,0,0,1,0,0,,0,1,0,0,0,,0,0,,0,0,,0,,0,0,,0,0,0,1,0,0,0,1,0,0,0,,0,,0,0,0,1,0,0,0,0,0,NULL,1,"1 DOG, 1 CAT",0,0,0,8872,"cleaners in hall bt bedroom and kitchen, paints and thinner in garage",0,,0,,,0,0,0,0,0,0
CA040110,86,CA050,CA,"NY, DS","2000-05-01 00:00:00",1,B,,6,0,0,1,0,0,,6,B,0,,"LISA KELTON AND MARKEL",1,1,0,0,1,0,0,,1,0,0,0,0,,0,0,,0,0,,1,B,0,0,,0,1,0,1,0,0,0,1,0,1,0,"CHESTNUT ST. UNPAVED",0,,274.32,0,0,1,0,0,0,0,0,NULL,1,"1 DOG",0,0,0,6302,"cleaners under kitchen and bathroom sinks, gas can in garage",0,,0,,,0,0,0,0,0,0
CA041110,30,CA051,CA,NY,"2000-05-05 00:00:00",1,B,,5,0,1,0,0,0,,1,B,0,,"S. BENTLY AND RICHLAND AVE.",1,0,0,0,1,0,0,,0,1,0,0,0,,0,0,,0,0,,0,,0,0,,0,1,0,1,0,0,0,1,0,1,0,,0,,45.72,365.76,1,0,0,0,0,0,0,NULL,0,"3 CATS",0,0,0,3640,"cleaners and insecticides in kitchen pantry",0,,0,,,0,0,0,0,0,0
CA075110,105,CA085,CA,JJ,"2000-09-25 00:00:00",1,B,,6,0,1,1,0,1,"LINOLEUM IN KITCHEN",4,B,0,,"N. GRIFFITH PK BTWN MAGNOLIA AND CHANDLER",0,0,0,0,1,0,0,,0,1,0,0,0,,0,0,,0,0,,1,B,1,0,,0,0,0,1,0,1,0,1,0,1,0,,1,"AUTO REPAIR SHOP",1,1,0,0,0,0,1,0,0,NULL,1,"1 CAT",0,0,0,9827,"cleaners under kitchen sink; pool chemicals outside",0,,0,,,0,0,0,0,0,0
CA076110,106,CA086,CA,"DS, NY","2000-09-21 00:00:00",2,B,,4,0,0,1,0,1,"LINOLEUM IN KITCHEN",3,A,0,,"SCOTT RD AND SAN FERNANDO VALLEY RD",0,0,0,0,0,0,0,"NOT NOTED",1,0,0,0,0,,0,0,,0,0,,0,,0,0,,1,0,0,1,0,0,1,0,1,0,0,,1,FREEWAY,0,182.88,0,1,0,0,1,0,0,NULL,0,,0,0,0,4192,"cleaners under sink",0,,0,,,0,0,0,0,0,0
CA077110,107,CA087,CA,CF,"2000-09-29 00:00:00",1,B,,4,1,0,1,0,1,LINOLEUM,1,A,0,,"SCOTT RD AND SAN FERNANDO RD",0,0,0,0,1,0,0,,0,1,0,0,0,,0,0,,0,0,,0,,0,0,,0,1,0,1,0,0,0,1,0,0,1,FREEWAY,1,"AUTO REPAIR SHOPS",91.44,0,2,0,0,0,1,0,0,NULL,0,,0,0,0,4523,"cleaners under kitchen sink and in laundry room; paints and pesticides in garage",0,,0,,,0,0,0,0,0,0
CA078110,108,CA088,CA,DGS,"2000-09-29 00:00:00",1,B,,6,0,1,1,0,1,"KITCHEN TILES; LIVIN",5,C,0,,"GRIFFITH PK AND MAGNOLIA BLVD",1,0,0,1,0,0,0,,0,1,0,0,0,,0,0,,0,0,,0,,0,0,,0,0,0,1,0,0,0,1,0,0,0,,0,,0,0,2,0,0,0,0,0,0,NULL,0,,0,0,0,10004,"cleaners on back porch in cupboard; chlorox in detached garage",0,,0,,,0,0,0,0,0,0
CA079110,41,CA100,CA,NY,"2000-06-08 00:00:00",1,B,,6,0,0,1,0,0,,5,C,0,,"CHARNOCK AND MCLAUGHLIN",1,1,0,0,1,0,0,,0,1,0,0,0,,0,0,,0,0,,0,,0,0,,0,0,0,1,0,0,0,0,0,0,0,,0,,0,0,0,0,0,0,0,0,0,NULL,0,,0,0,0,4453,"cleaners under kitchen sink and gasoline in garage",0,,0,,,0,0,0,0,0,0
CA080110,42,CA101,CA,DS,"2000-06-22 00:00:00",3,E,,5,0,0,1,0,1,"TILE IN BATHROOMS AN",4,B,0,,"SANTA MONICA AND BENTLY",0,0,0,1,0,0,0,,1,0,0,0,0,,0,0,,0,0,,0,,0,0,,0,1,0,1,0,0,0,1,0,1,0,,0,,137.16,137.16,3,0,0,0,0,0,0,NULL,0,,0,0,0,4212,"cleaners under kitchen and bathroom sinks and in closet",0,,0,,,0,0,0,0,0,0
CA081110,43,CA102,CA,DS,"2000-06-22 00:00:00",3,C,,4,0,0,1,0,0,"TILE IN KITCHEN",3,C,0,,"SEPULVEDA AND NATIONAL",0,0,0,1,0,0,0,,1,0,0,0,0,,0,0,,0,0,,0,,0,0,,0,1,0,1,0,0,0,1,0,1,0,,0,,182.88,182.88,2,1,0,0,0,0,0,NULL,0,,0,0,0,3077,"cleaners in kitchen and bathroom sinks, insecticides under kitchen sink",0,,0,,,0,0,0,0,0,0
CA082110,44,CA103,CA,DS,"2000-07-06 00:00:00",3,C,,4,0,0,1,0,0,,3,C,0,,"SAWTELLE AND NATIONAL",0,0,0,0,1,0,0,,1,0,0,0,0,,0,0,,0,0,,1,B,0,0,,0,0,0,1,0,0,1,0,0,0,1,FREEWAY,0,,0,0,0,0,0,0,0,0,0,NULL,0,,0,0,0,5384,,0,,0,,,0,0,0,0,0,0
CA083110,45,CA104,CA,"LS, SS","2000-07-13 00:00:00",3,B,,4,0,0,1,0,0,,3,C,0,,"SEPULVEDA AND NATIONAL",0,0,0,0,1,0,0,,1,0,0,0,0,,0,0,,0,0,,0,,0,0,,0,1,0,1,0,0,0,1,0,1,1,FREEWAY,0,,18.288,0,0,0,0,0,0,0,0,NULL,0,,0,0,0,5755,,0,,0,,,0,0,0,0,0,0
CA084110,46,CA105,CA,SS,"2000-07-14 00:00:00",3,E,3,4,0,0,1,0,0,,3,B,0,,"SEPULVEDA AND NATIONAL",0,0,0,0,1,0,0,,1,0,0,0,0,,0,0,,0,0,,0,,0,0,,0,1,0,1,0,0,0,1,0,1,1,FREEWAY,0,,91.44,45.72,0,0,0,0,0,0,0,NULL,0,"1 PARAKEET",0,0,0,5180,"cleaners in kitchen cabinet and paints in bedroom",0,,0,,,0,0,0,0,0,0
CA085110,47,CA106,CA,NY,"2000-07-24 00:00:00",3,C,,3,0,0,1,0,0,,3,C,0,,"SEPULVEDA AND QUEENSLAND",0,0,0,0,1,0,0,,1,0,0,0,0,,0,0,,0,0,,0,,0,0,,0,1,0,0,0,0,0,1,0,1,1,FREEWAY,0,,45.72,0,0,0,0,0,0,0,0,NULL,0,,0,0,0,6398,"cleaners under sinks and in closets",0,,0,,,0,0,0,0,0,0
CA086110,48,CA107,CA,NY,"2000-07-31 00:00:00",3,E,3,4,0,0,1,0,0,,3,C,0,,"SEPULVEDA AND NATIONAL",0,0,0,0,1,0,0,,1,0,0,0,0,,0,0,,0,0,,0,,0,0,,0,1,0,1,0,0,1,0,1,0,1,FREEWAY,0,,45.72,91.44,0,0,0,0,0,0,0,NULL,0,,0,0,0,5165,"cleaners under sinks",0,,0,,,0,0,0,0,0,0
CA087110,49,CA108,CA,SS,"2000-07-24 00:00:00",3,B,,4,0,0,1,0,0,,3,A,0,,"SEPULVEDA AND PICO",0,0,0,0,1,0,0,,1,0,0,0,0,,0,0,,0,0,,0,,0,0,,0,1,0,1,0,0,0,1,0,1,1,FREEWAY,0,,91.44,0,0,0,0,0,0,0,0,NULL,0,,0,0,0,4153,"cleaners under bathroom sink",0,,0,,,0,0,0,0,0,0
CA088110,50,CA109,CA,NY,"2000-08-28 00:00:00",3,E,3,4,0,0,1,0,0,,3,C,0,,"SAWTELLE AND STANWOOD",0,0,0,0,1,0,0,,1,0,0,0,0,,0,0,,0,0,,1,B,0,0,,0,1,0,1,0,0,0,1,0,1,1,FREEWAY,0,,182.88,182.88,0,0,0,0,0,0,0,NULL,0,,0,0,0,5274,"cleaners under bathroom and kitchen sink",0,,0,,,0,0,0,0,0,0
CA089110,51,CA110,CA,SS,"2000-07-31 00:00:00",3,E,3,5,0,0,1,0,0,,4,A,0,,"SAWTELLE AND STANWOOD",0,0,0,0,1,0,0,,1,0,0,0,0,,0,0,,0,0,,1,B,0,0,,0,0,0,1,0,0,0,1,0,1,1,FREEWAY,0,,45.72,0,0,0,0,0,0,0,0,NULL,0,,0,0,0,7221,"cleaners under kitchen and bathroom sinks and in living room cabinets",0,,0,,,0,0,0,0,0,0
CA090110,52,CA111,CA,NY,"2000-07-27 00:00:00",3,B,,3,0,0,1,0,0,,3,C,0,,"SEPULVEDA ANA PALMS",0,0,0,0,1,0,0,,1,0,0,0,0,,0,0,,0,0,,0,,0,0,,0,1,0,1,0,0,0,1,0,0,1,FREEWAY,0,,91.44,0,0,0,0,0,0,0,0,NULL,0,,0,0,0,6397,"cleaners in kictchen",0,,0,,,0,0,0,0,0,0
CA091110,53,CA112,CA,DS,"2000-08-07 00:00:00",3,B,,4,0,0,1,0,0,,3,C,0,,"SEPULVEDA AND NATIONAL",0,0,0,0,1,0,0,,1,0,0,0,0,,0,0,,0,0,,0,,0,0,,0,1,0,1,0,0,0,1,0,0,1,FREEWAY,0,,182.88,0,0,0,0,0,0,0,0,NULL,0,,0,0,0,2940,"cleaners under bathroom sink",0,,0,,,0,0,0,0,0,0
CA092110,54,CA113,CA,DS,"2000-08-07 00:00:00",3,E,3,4,0,0,1,0,0,,3,B,0,,"SEPULVEDA AND NATIONAL",0,0,0,0,1,0,0,,1,0,0,0,0,,0,0,,0,0,,0,,0,0,,0,1,0,1,0,0,0,1,0,0,1,FREEWAY,0,,45.72,45.72,0,0,0,0,0,0,0,NULL,0,,0,0,0,3040,"cleaners under bathroom sinks",0,,0,,,0,0,0,0,0,0
CA093110,55,CA114,CA,DS,"2000-08-07 00:00:00",3,E,3,4,0,0,1,0,0,,3,C,0,,"SAWTELLE AND STANWOOD",0,0,0,0,1,0,0,,1,0,0,0,0,,0,0,,0,0,,1,B,0,0,,0,1,0,1,0,0,1,0,0,1,1,FREEWAY,0,,45.72,0,2,0,0,0,0,0,0,NULL,0,,0,0,0,6881,"cleaners under bathroom sinks",0,,0,,,0,0,0,0,0,0
CA094110,56,CA115,CA,SS,"2000-08-04 00:00:00",3,B,,4,0,0,1,0,0,,3,B,0,,"SAWTELLE AND STANWOOD",0,0,0,0,1,0,0,,1,0,0,0,0,,0,0,,0,0,,1,B,0,0,,0,1,0,1,0,0,0,1,0,1,1,FREEWAY,0,,45.72,0,0,1,0,0,0,0,0,NULL,0,,0,0,0,6133,"cleaners under kitchen and batthroom sinks",0,,0,,,0,0,0,0,0,0
CA095110,57,CA116,CA,SS,"2000-08-11 00:00:00",3,E,3,4,0,0,1,0,0,,3,C,0,,"SAWTELLE AND STANWOOD",0,0,0,0,1,0,0,,1,0,0,0,0,,0,0,,0,0,,1,B,0,1,"CEMENT PLANT (1.5 M)",0,1,0,1,0,0,0,1,0,1,1,FREEWAY,0,,68.58,0,0,0,0,0,0,0,0,NULL,0,,0,0,0,2950,"cleaners under kitchen sink",0,,0,,,0,0,0,0,0,0
CA096110,58,CA117,CA,CF,"2000-08-11 00:00:00",3,B,,4,0,0,1,0,0,,3,B,0,,"SAWTELLE AND STANWOOD",0,0,0,0,1,0,0,,1,0,0,0,0,,0,0,,0,0,,1,B,0,0,,0,1,0,1,0,0,0,1,0,1,1,FREEWAY,0,,91.44,0,0,0,0,0,0,0,0,NULL,0,"1 GERBIL AND FISH",0,0,0,3297,"cleaners under kitchen sink",0,,0,,,0,0,0,0,0,0
CA097110,59,CA118,CA,NY,"2000-08-18 00:00:00",3,E,3,3,0,0,1,0,0,,3,C,0,,"SEPULVEDA AND QUEENSLAND",0,0,0,0,1,0,0,,1,0,0,0,0,,0,0,,0,0,,0,,0,0,,0,1,0,1,0,0,0,1,0,0,1,FREEWAY,0,,45.72,182.88,0,0,0,0,0,0,0,NULL,0,,0,0,0,2956,"cleaners under kitchen and bathroom sinks",0,,0,,,0,0,0,0,0,0
CA098110,60,CA119,CA,LS,"2000-08-11 00:00:00",3,C,,4,0,0,1,0,0,,3,B,0,,"SEPULVEDA AND NATIONAL",0,0,0,0,1,0,0,,1,0,0,0,0,,0,0,,0,0,,0,,0,0,,0,1,0,1,0,0,0,1,0,1,1,FREEWAY,0,,0,0,0,0,0,0,0,0,0,NULL,0,,0,0,0,5344,,0,,0,,,0,0,0,0,0,0
CA099110,61,CA120,CA,CF,"2000-07-31 00:00:00",3,B,,4,0,0,1,0,0,,3,B,0,,"SAWTELLE AND STANWOOD",0,0,0,0,1,0,0,,1,0,0,0,0,,0,0,,0,0,,1,B,0,0,,0,1,0,1,0,0,0,1,0,1,1,FREEWAY,0,,45.72,0,0,0,0,0,0,0,0,NULL,0,FISH,0,0,0,6424,"cleaners under kitchen and bathroom sinks",0,,0,,,0,0,0,0,0,0
CA100110,62,CA121,CA,LS,"2000-08-14 00:00:00",3,E,3,4,0,0,1,0,0,,3,B,0,,"SEPULVEDA AND NATIONAL",0,0,0,0,1,0,0,,1,0,0,0,0,,0,0,,0,0,,0,,0,0,,0,1,0,1,0,0,0,1,0,1,1,FREEWAY,0,,45.72,0,0,0,0,0,0,0,0,NULL,0,,0,0,0,4366,,0,,0,,,0,0,0,0,0,0
CA101110,63,CA122,CA,CF,"2000-08-18 00:00:00",3,B,,4,0,0,1,0,0,,3,B,0,,"SAWTELLE AND STANWOOD",0,0,0,0,1,0,0,,1,0,0,0,0,,0,0,,0,0,,1,B,0,0,,0,1,0,1,0,0,0,1,0,1,1,FREEWAY,0,,45.72,0,0,0,0,0,0,0,0,NULL,0,"I CAT",0,0,0,4611,,0,,0,,,0,0,0,0,0,0
CA102110,64,CA123,CA,NY,"2000-08-21 00:00:00",3,B,,4,0,0,1,0,0,,3,B,0,,"SAWTELLE AND NATIONAL",0,0,0,0,1,0,0,,1,0,0,0,0,,0,0,,0,0,,1,B,0,0,,0,1,0,1,0,0,0,1,0,1,1,FREEWAY,0,,182.88,0,0,0,0,0,0,0,0,NULL,0,,0,0,0,5592,"cleaners under bathroom sink and kitchen cabinet above oven",0,,0,,,0,0,0,0,0,0
CA103110,65,CA124,CA,SS,"2000-08-28 00:00:00",3,C,,4,0,0,1,0,0,,3,B,0,,"SAWTELLE AND QUEENSLAND",0,0,0,0,1,0,0,,1,0,0,0,0,,0,0,,0,0,,1,B,0,0,,0,1,0,1,0,0,0,1,0,1,1,FREEWAY,0,,45.72,0,0,0,0,0,0,0,0,NULL,0,,0,0,0,7912,"cleaners under bathroom and kitchen sink and in hall closet. Pesticides under ki",0,,0,,,0,0,0,0,0,0
CA104110,66,CA125,CA,NY,"2000-08-28 00:00:00",3,E,3,4,0,0,1,0,0,,3,C,0,,"SAWTELLE AND STANWOOD",0,0,0,0,1,0,0,,1,0,0,0,0,,0,0,,0,0,,1,B,0,0,,0,1,0,1,0,0,0,1,0,1,1,FREEWAY,0,,182.88,457.2,0,1,0,0,0,0,0,NULL,0,,0,0,0,3706,"cleaners and insecticide on refrigerator",0,,0,,,0,0,0,0,0,0
CA105110,67,CA126,CA,CF,"2000-08-31 00:00:00",3,C,,4,0,0,1,0,0,,3,B,0,,"SAWTELLE AND STANWOOD",0,0,0,0,1,0,0,,1,0,0,0,0,,0,0,,0,0,,1,B,0,0,,0,1,0,1,0,0,0,1,0,1,1,FREEWAY,0,,45.72,91.44,0,0,0,0,0,0,0,NULL,0,,0,0,0,5674,"cleaners under bathroom and kitchen sink",0,,0,,,0,0,0,0,0,0
CA106110,68,CA127,CA,LS,"2000-09-05 00:00:00",3,C,,4,0,0,1,0,0,,3,B,0,,"SEPULVEDA AND NATIONAL",0,0,0,0,1,0,0,,1,0,0,0,0,,0,0,,0,0,,0,,0,0,,0,1,0,0,0,0,0,1,0,1,1,FREEWAY,0,,0,0,0,0,0,0,0,0,0,NULL,0,,0,0,0,5512,,0,,0,,,0,0,0,0,0,0
TX101110,190,EX101,TX,MM,"2000-09-18 00:00:00",1,B,,4,0,0,1,0,1,"VINYL TILE",3,B,0,,"DENHAM & EASTMAN",1,0,0,0,0,0,0,,1,1,0,0,0,,0,0,,0,0,,0,,0,1,"PHILLIPS, EXXON, GOO",0,1,1,0,0,0,1,0,1,0,1,"CAR PAINT SHOP",0,,91.44,0,0,0,0,0,0,0,0,NULL,1,FISH,0,357.2,211.01,0,,0,,0,,,0,0,0,0,0,0
TX102110,192,EX102,TX,MM,"2000-09-20 00:00:00",2,C,,3,0,0,1,0,1,"VINYL TILE IN KITCHE",3,B,0,,"RED BLUFF & HWY 225",0,1,0,0,0,0,0,,1,0,0,0,0,,0,0,,0,0,,1,B,0,1,"PHILLIPS, OTHER PLAN",0,0,1,0,0,0,0,0,0,0,0,,0,,182.88,91.44,0,0,0,0,0,0,0,NULL,0,,0,999,159.06,0,,0,,0,,,0,0,0,0,0,0
TX103110,193,EX103,TX,SM,"2000-10-17 00:00:00",1,B,,4,0,0,1,0,1,LINOLEUM,4,C,0,,"WOOD DR & SHELDON",0,0,1,0,0,0,0,,0,0,0,0,1,TRAILER,0,0,,0,0,,0,,0,1,"LYONDELL, EQUISTAR",0,0,0,1,0,0,0,0,0,0,0,,0,,0,45.72,0,0,0,0,0,9.144,0,NULL,1,BIRDS,0,282.09,248.25,0,,0,,0,,,0,0,0,0,0,0
TX104110,196,EX104,TX,SM,"2000-09-21 00:00:00",1,B,,3,0,0,1,0,1,LINOLEUM,2,B,0,,"WOOD DR & SHELDON, JAMIE ERIN & WOOD DR",0,0,1,0,0,0,0,,0,0,0,0,1,TRAILER,0,0,,0,0,,0,,0,1,"LYONDELL, EQUISTAR",0,0,0,0,0,0,0,0,0,0,0,,0,,0,1,0,0,0,0,0,0,0,NULL,0,,0,173.29,142.01,0,,0,,0,,,0,0,0,0,0,0
TX105110,198,EX105,TX,SM,"2000-09-21 00:00:00",1,B,,3,0,0,1,0,1,LINOLEUM,2,B,0,,"WOOD DR & SHELDON, JAMIE ERIN & WOOD DR",0,0,1,0,0,0,0,,0,0,0,0,1,TRAILER,0,0,,0,0,,0,,0,1,"LYONDELL, EQUISTAR",0,0,0,0,0,0,0,0,0,0,0,,0,,0,1,0,0,0,0,0,0,0,NULL,0,,0,173.29,142.01,0,,0,,0,,,0,0,0,0,0,0
TX106110,200,EX106,TX,SM,"2000-11-07 00:00:00",1,B,,5,0,1,1,0,0,,2,,0,,"MARKET & FIRST",0,0,0,0,0,1,0,,0,0,0,0,1,PIER,0,0,,0,0,,0,,0,1,"LYONDELL, EQUISTAR,",0,0,0,1,0,0,0,0,0,0,0,,1,"TRASH BURNING",1,0,0,0,0,0,0,0,0,NULL,1,"DOG & FISH",0,999,158,0,,0,,0,,,0,0,0,0,0,0
NJ001110,1,NJ001,NJ,SA,"1999-06-04 00:00:00",2,B,,4,0,0,0,0,1,TILE,0,B,0,,"Trumbul & Division",0,0,1,0,0,0,0,,0,0,0,1,0,,0,1,A,0,0,,0,,0,1,"egg factory on Bond,",0,0,0,1,0,0,1,0,0,0,1,"rail road - trucks",0,,822.96,411.48,3,0,0,0,0,0,0,NULL,0,,157,0,0,0,"paint under the stairs, clnrs under the kitchen sink",0,,0,,,0,0,0,0,0,0
NJ002110,2,NJ002,NJ,SA,"1999-06-17 00:00:00",2,B,,7,0,0,1,0,0,TILE,7,B,0,,"Fanny & Route1",0,0,0,0,0,1,0,,0,0,0,1,0,,0,1,A,1,0,,0,,0,0,,1,0,1,0,0,0,1,0,0,0,1,"2 mechanic shop & Ro",1,Trailers,182.88,0,2,274.32,0,0,0,0,0,NULL,1,dog,299,0,0,0,"PAINT, PESTICIDE, CLNRS IN BSMNT",0,,0,,,0,0,0,0,0,0
NJ003110,3,NJ003,NJ,SA,"1999-07-08 00:00:00",2,B,,9,0,0,1,0,1,TILE,8,A,0,,"Julia & Route1",0,0,1,0,0,0,0,,0,0,0,1,0,,0,1,C,0,0,,0,,0,0,,0,1,1,0,0,0,0,1,0,0,1,"ROUTE 1&9",0,,182.88,91.44,3,274.32,0,0,0,0,0,NULL,0,,346,0,0,0,"KITCHEN, PAINT IN BASEMENT",0,,0,,,0,0,0,0,0,0
NJ004110,4,NJ004,NJ,SA,"1999-07-23 00:00:00",2,B,,5,1,1,0,0,1,TILE,0,B,0,,"Bayway & ROUTE 1",0,0,1,0,0,0,0,,0,0,0,1,0,,0,1,A,0,0,,0,,0,0,"DON'T KNOW",0,1,1,0,0,0,1,0,0,0,0,"diesel ice cream tru",1,"ROUTE 1",91.44,0,3,274.32,0,0,0,0,0,NULL,0,,170,0,0,0,KITCHEN,0,,0,,,0,0,0,0,0,0
NJ005110,5,NJ005,NJ,SA,"1999-07-09 00:00:00",2,C,,3,0,0,1,0,1,TILE,2,B,0,,"Bayway & Amboy Av",0,1,0,0,0,0,0,,0,0,0,1,0,,0,1,A,0,0,,0,,0,1,"Dump & water treatme",0,0,0,1,0,0,0,1,0,0,1,"truks & train",1,"ruth 1 & turn pike",731.52,457.2,2,0,457.2,0,0,0,0,NULL,0,,124,0,0,0,KITCHEN,0,,0,,,0,0,0,0,0,0
NJ006110,6,NJ006,NJ,SA,"1999-08-12 00:00:00",2,C,,3,0,0,1,0,1,TILE,2,B,0,,"Bayway & Amboy Av",0,1,0,0,0,0,0,,0,0,0,1,0,,0,1,A,0,0,,0,,0,1,"Dump & water treatme",0,0,0,1,0,0,0,1,0,0,1,"trailers ,train",1,"ROUTE 1, turnpike",731.52,457.2,2,0,457.2,0,0,0,0,NULL,0,,124,0,0,0,,0,,0,,,0,0,0,0,0,0
NJ007110,7,NJ007,NJ,SA,"1999-09-03 00:00:00",3,B,"on 3rd floor home &",6,1,1,0,0,1,TILE,2,B,0,,"East Jersey and ruth1",0,1,0,0,0,0,0,,0,0,0,0,0,,1,0,,0,0,,0,,0,0,,0,1,1,0,0,0,0,1,0,0,0,,0,,182.88,0,3,457.2,0,0,0,0,0,NULL,0,,668,0,0,0,"LAST RM GOING TO THE ROOF",0,,0,,,0,0,0,0,0,0
NJ008110,8,NJ008,NJ,SA,"1999-09-23 00:00:00",2,C,,6,1,1,0,0,1,TILE,2,C,0,,"Magnolia & Trumbull",0,0,1,0,0,0,0,,0,0,0,1,0,,0,1,A,0,0,,0,,0,0,,0,1,1,0,0,0,0,1,0,0,0,,1,"trucks on trumbull",274.32,0,3,274.32,0,0,0,0,0,NULL,0,,219,0,0,0,"kitchen cabinet",0,,0,,,0,0,0,0,0,0
NJ009110,9,NJ009,NJ,SA,"1999-09-28 00:00:00",2,C,,5,0,1,0,0,1,TILE,0,C,0,,"Edgar & Elmora",0,0,1,0,0,0,0,,0,0,0,1,0,,0,1,A,0,0,,0,,0,0,,0,1,1,1,0,0,1,0,0,1,1,"Bayway circle, 4 gas",0,,91.44,0,3,182.88,0,0,0,0,0,NULL,0,,175,0,0,0,"under bthrm sink",0,,0,,,0,0,0,0,0,0
NJ010110,10,NJ010,NJ,SA,"1999-10-04 00:00:00",2,B,,6,0,0,1,0,1,TILE,1,B,0,,"Summer & Bayway",0,0,1,0,0,0,0,,0,0,0,1,0,,0,1,A,0,1,"washer, dryer",1,B,0,0,,0,0,1,0,0,0,0,1,0,0,1,"bayway circle & rout",0,,45.72,0,3,0,0,0,0,0,0,NULL,0,dog,257,0,0,0,"laundry clnrs all in basement",0,,0,,,0,0,0,0,0,0
NJ011110,11,NJ011,NJ,SA,"1999-10-12 00:00:00",2,B,,3,0,0,1,0,1,TILE,2,B,0,,"Pearl & Edgar(ruth 27)",0,1,0,0,0,0,0,,0,0,0,0,0,,1,0,,0,0,,0,,0,0,,0,1,1,0,0,0,1,0,0,0,0,,0,,731.52,457.2,3,457.2,0,0,0,0,0,NULL,0,,109,0,0,0,"UNDER KITCHEN AND BATHRM SINK",0,,0,,,0,0,0,0,0,0
NJ012110,12,NJ012,NJ,SA,"1999-10-24 00:00:00",4,D,,4,1,1,0,0,1,TILE,0,A,0,,"John st & South ST",0,0,1,0,0,0,0,,0,0,0,1,0,,0,1,D,0,0,,0,,0,0,,0,1,0,0,0,0,0,1,0,0,0,,0,,1,0,3,0,0,0,0,0,0,NULL,0,,166,0,0,0,KITCHEN,0,,0,,,0,0,0,0,0,0
NJ013110,13,NJ013,NJ,SA,"1999-10-21 00:00:00",2,B,,6,0,1,0,0,1,TILE,3,C,0,,"Washington & South",0,0,1,0,0,0,0,,0,0,0,1,0,,0,1,A,0,1,woodworking,0,,0,0,,1,0,0,1,1,0,0,1,0,0,1,"beauty saloon, woodw",0,,731.52,0,3,457.2,0,0,0,0,0,NULL,0,,186,0,0,0,"UNDER BATHRM SINK",0,,0,,,0,0,0,0,0,0
NJ014110,14,NJ014,NJ,SA,"1999-12-29 00:00:00",3,E,"3rd floor",5,0,1,1,0,1,TILE,2,B,0,,"Sixth & Trumbull",0,0,0,0,1,0,0,,0,0,0,1,0,,0,1,A,0,0,,0,,0,0,,0,1,1,0,0,0,0,0,0,1,1,"Trucks on Trumbull",0,,274.32,0,3,274.32,0,0,0,0,457.2,NULL,0,,214,0,0,0,"PAINT ON THE STAIRS, CLNRS IN KITCHEN",0,,0,,,0,0,0,0,0,0
NJ015110,15,NJ015,NJ,SA,"2000-10-29 00:00:00",9,E,"5th floor",2,0,0,0,0,1,TILE,0,B,0,,"Chery & Orchard st",0,1,0,0,0,0,0,,0,0,0,1,0,,0,1,D,0,0,,0,,0,0,,0,0,0,1,0,0,0,1,0,0,0,,0,,91.44,0,2,0,0,0,0,0,0,NULL,0,,0,0,0,0,"ALL CLNRSIN KITCHEN",0,,0,,,0,0,0,0,0,0
NJ016110,16,NJ016,NJ,SA,"1999-11-04 00:00:00",3,C,,5,1,1,0,0,1,TILE,1,C,0,,"East grant & Westfield",0,0,1,0,0,0,0,,0,0,0,1,0,,0,1,A,0,0,,0,,0,0,,0,0,0,1,0,0,0,1,0,0,0,,0,,1,0,0,0,0,0,0,0,0,NULL,0,,243,0,0,0,BATHROOM,0,,0,,,0,0,0,0,0,0
NJ017110,17,NJ017,NJ,SA,"1999-11-08 00:00:00",8,B,"not the ground floor",2,0,0,0,0,1,TILE,0,B,0,,"Westfield & Chery",0,0,0,1,0,0,0,,0,0,0,1,0,,0,1,A,0,0,,0,,0,0,,0,1,0,1,0,0,0,1,0,0,1,"Autobody shop BEHIND",0,,731.52,0,3,182.88,0,0,0,0,0,NULL,0,,0,0,0,0,"KITCHEN AND BTHRM",0,,0,,,0,0,0,0,0,0
NJ018110,18,NJ018,NJ,SA,"1999-11-09 00:00:00",2,B,,5,1,0,1,0,1,TILE,3,B,0,,"Trumbull & 6th st",0,0,1,0,0,0,0,,1,0,0,0,0,,0,1,,0,0,,0,,0,1,"couple factories on",0,0,1,1,0,0,0,1,0,0,0,,0,,91.44,182.88,2,4.572,0,0,9.144,0,0,NULL,1,dog,257,0,0,0,"CLEANERS IN 2ND FLOOR& KITCHEN, PAINT IN BACK YARD",0,,0,,,0,0,0,0,0,0
NJ019110,19,NJ019,NJ,SA,"1999-11-15 00:00:00",2,C,,4,1,0,0,0,1,ceramic,0,C,0,,"Trumbull & Division",0,0,1,0,0,0,0,,0,0,0,1,0,,0,1,A,0,1,"boiler, washer ,drye",0,,0,0,,0,0,0,1,0,0,1,0,0,0,1,"mechanic shop,trucks",0,,731.52,91.44,2,0.9144,457.2,2,2,0,91.44,NULL,0,,184,0,0,0,,0,,0,,,0,0,0,0,0,0
NJ020110,20,NJ020,NJ,SA,"2000-02-29 00:00:00",3,C,,5,0,1,1,0,1,TILE,3,A,0,,"South & Washington",0,1,0,0,0,0,0,,0,0,0,1,0,,0,1,F,0,1,"used as an apt.",0,,0,0,,1,0,0,1,0,0,1,0,1,0,0,,1,"beauty shop, woodwor",731.52,457.2,2,1,0,0,0,0,0,NULL,1,"2 cats",193,0,0,0,"KITCHEN & BATHRM",0,,0,,,0,0,0,0,0,0
NJ021110,23,NJ021,NJ,SA,"1999-12-02 00:00:00",3,C,,7,1,0,1,0,1,TILE,3,B,0,,"Seventh & Elizabeth",0,0,1,0,0,0,0,,0,0,0,1,0,,0,1,A,0,0,,0,,0,0,,1,0,0,1,0,0,0,1,0,1,0,,0,,457.2,0,731.52,274.32,0,0,0,0,0,NULL,1,"dog, cat, bird, liza",282,0,0,0,"IN LOUNDRY RM NEXT TO KITCHEN AND ON THE SIDE STAIRS",0,,0,,,0,0,0,0,0,0
NJ022110,24,NJ022,NJ,SA,"1999-12-13 00:00:00",2,C,,5,0,0,0,0,1,TILE,5,B,0,,"ROUTE 1&9 AND FANNY",0,0,1,0,0,0,0,,0,0,0,1,0,,0,1,D,0,0,,0,,0,0,"CHEMICAL FACTORY IN",0,1,0,1,0,0,0,1,0,1,1,"AUTO MECHANIC SHOP",0,,0.9144,18.288,1,91.44,0,0,0,0,0,NULL,0,,218,0,0,0,"BATH RM AND KITCHEN CABINET",0,,0,,,0,0,0,0,0,0
NJ023110,25,NJ023,NJ,CPW,"2001-03-04 00:00:00",2,B,"child is mostly on 2",5,0,1,1,0,1,LENOLEOM,1,B,0,,"Fay & Rahway",0,1,0,0,0,0,0,,0,0,0,1,0,,0,1,A,0,0,,0,,0,1,"Bayway, Ford plant i",0,1,0,1,0,0,0,1,0,1,0,,0,,822.96,365.76,0,0.9144,0,0,0,0,0,NULL,1,cat,167,0,0,0,,0,,0,,,0,0,0,0,0,0
NJ024110,26,NJ024,NJ,SA,"2000-01-26 00:00:00",2,B,,3,0,0,1,0,1,TILE,2,A,0,,"Pearl & South Broad",0,1,0,0,0,0,0,,0,0,0,1,0,,0,1,A,0,0,,0,,0,0,,0,1,1,1,0,0,0,1,0,0,0,,1,"St Elizabeth hospita",822.96,182.88,3,274.32,0,0,0,0,0,NULL,0,,133,0,0,0,bathroom,0,,0,,,0,0,0,0,0,0
NJ025110,27,NJ025,NJ,SA,"2000-05-03 00:00:00",3,B,,10,0,1,1,0,1,TILE,4,B,0,,"Westfield & princeton",0,0,0,0,0,1,0,,0,0,0,1,0,,0,1,A,0,0,,0,,0,0,,0,0,0,1,0,0,0,1,0,0,0,,1,"corner of Linden and",822.96,182.88,2,0,0,0,1,0,0,NULL,0,,424,0,0,0,,0,,0,,,0,0,0,0,0,0
NJ026110,28,NJ026,NJ,SA,"2000-01-28 00:00:00",4,B,,8,0,1,1,0,1,TILE,6,C,0,,"Monmout & wyoming",0,1,1,0,0,0,0,,0,0,0,1,0,,0,1,C,1,1,"washer and dryer",0,,0,0,,0,1,0,1,0,0,0,1,0,0,1,,0,,822.96,822.96,5,1,5,5,5,0,0,NULL,1,"5 cats, 2 inside",434,0,0,0,"kitchen sink & bsmnt: paint, orchard spray, wood conditioner, cleaners",0,,0,,,0,0,0,0,0,0
NJ027110,29,NJ027,NJ,LM,"2000-03-24 00:00:00",2,B,,7,0,0,1,0,1,TILE,4,A,1,"too dusty","Bay way",0,0,1,0,0,0,0,,0,0,0,0,1,"don't know",1,1,F,0,0,"closed (not finished",0,,0,0,"RECYCING FASILITY",0,0,0,1,0,0,0,0,0,0,0,,0,,2,4,0,0,0,2,0,1,0,NULL,0,,199,0,0,0,,0,,0,,,0,0,0,0,0,0
NJ028110,30,NJ028,NJ,LM,"2000-02-15 00:00:00",11,E,"9th floor",2,0,0,0,0,1,TILE,0,B,0,,"7th st & Division",0,0,0,1,0,0,0,,0,0,0,1,0,,0,1,D,0,0,,0,,0,0,,0,1,0,1,0,0,1,0,1,0,1,"mechanic shop",1,"Trinitas Hospital",182.88,182.88,3,45.72,0,0,0,0,91.44,NULL,0,,107,0,0,0,,0,,0,,,0,0,0,0,0,0
NJ029110,31,NJ029,NJ,TP,"2000-02-08 00:00:00",2,B,,6,0,1,0,0,0,TILE,6,C,0,,"Westfield & Elmora",1,0,0,0,0,0,0,,0,0,0,1,0,,0,1,A,0,0,,0,,0,0,"elizabeth gas, Shari",0,1,0,1,0,0,1,1,0,1,0,,0,,731.52,1,5,182.88,5,5,5,0,0,NULL,1,dog,256,0,0,0,,0,,0,,,0,0,0,0,0,0
NJ030110,32,NJ030,NJ,TP,"2000-02-29 00:00:00",11,B,,3,0,0,0,1,1,TILE,0,C,0,,"East Jersey",0,1,0,1,0,0,0,,0,0,1,0,0,,0,1,,0,0,,0,,0,0,,1,0,0,1,0,0,1,0,0,1,0,,0,,822.96,457.2,2,2,2,1,2,0,0,NULL,0,,107,0,0,0,,0,,0,,,0,0,0,0,0,0
NJ031110,33,NJ031,NJ,CPW,"2000-04-03 00:00:00",3,B,,7,1,1,0,0,0,,1,C,0,,Rahway,0,0,1,0,0,0,0,,0,0,0,1,0,,0,1,B,0,0,,0,,0,1,"Tesco, Exon",0,1,0,1,0,0,0,1,0,1,0,,0,,45.72,45.72,0,0,0,45.72,0,0,0,NULL,0,,293,0,0,0,,0,,0,,,0,0,0,0,0,0
NJ032110,34,NJ032,NJ,CPW,"2000-02-16 00:00:00",3,B,,4,0,0,1,0,0,,3,C,0,,"SUMMER ST",0,1,0,0,1,0,0,,0,0,0,1,0,,0,1,A,0,1,"WASHER & DRYER",0,,0,1,"BAYWAY REFINERY",0,1,0,1,0,0,0,1,0,0,0,,1,"AUTOMOBILE REFINISHI",27.432,0,0,1.8288,182.88,0,0,0,0,NULL,0,,152,0,0,0,,0,,0,,,0,0,0,0,0,0
NJ033110,35,NJ033,NJ,cpw,"2000-03-13 00:00:00",2,B,,6,0,0,1,0,1,TILE,5,,0,,"RT 1&9",1,0,0,0,0,1,0,,0,0,0,1,0,,0,0,A,0,0,,0,,0,0,"Light industry/roofi",1,0,0,1,0,0,1,0,0,0,1,"roofing company",0,,18.288,0,0,18.288,0,0,0,0,0,NULL,0,,250,0,0,0,,0,,0,,,0,0,0,0,0,0
NJ034110,36,NJ034,NJ,CPW,"2000-03-13 00:00:00",2,B,,4,1,0,1,0,1,LENOLEOM,2,C,0,,Brunswick,0,1,0,0,0,0,0,,0,0,0,1,0,,0,1,A,0,0,,0,,0,1,"Tosca co. Gasoline",0,0,0,0,0,0,0,0,0,0,0,,1,"truck traffic, Turnp",18.288,18.288,0,0,27.432,0,0,0,0,NULL,0,,112,0,0,0,,0,,0,,,0,0,0,0,0,0
NJ035110,37,NJ035,NJ,LM,"2000-03-31 00:00:00",4,B,,8,0,1,1,0,1,CERAMIC,2,B,0,,"Rahway & Dehart",0,1,1,0,0,0,0,,1,1,0,0,0,,0,1,C,1,0,,1,B,0,0,,1,0,0,1,0,0,1,0,0,1,1,pizzeria,0,,91.44,0,2,2,365.76,2,0,0,0,NULL,1,dog,545,0,0,0,,0,,0,,,0,0,0,0,0,0
NJ036110,38,NJ036,NJ,LM,"2000-04-05 00:00:00",2,B,,5,1,0,0,0,0,,1,D,1,"a lot of dust","Fay & Grove st",0,0,0,0,0,0,1,scingles,1,0,0,0,0,,0,0,,0,0,,0,,0,0,,1,0,1,1,0,0,1,1,0,1,0,,0,,1,822.96,2,2,2,0,91.44,0,0,NULL,1,"dog, fish, hamster",179,0,0,0,,0,,0,,,0,0,0,0,0,0
NJ037110,39,NJ037,NJ,IB,"2000-04-09 00:00:00",2,B,,5,0,0,0,0,1,TILE,0,B,0,,"Orchard st",1,1,1,1,0,0,0,,1,0,1,0,0,,0,1,A,0,0,,0,,0,0,,0,0,1,1,0,0,0,0,0,0,0,,0,,274.32,0,0,0,0,0,640.08,0,0,NULL,1,cockatiels,0,0,0,0,,0,,0,,,0,0,0,0,0,0
NJ038110,40,NJ038,NJ,SA,"2000-04-14 00:00:00",2,B,,4,0,0,1,0,1,TILE,3,B,0,,"Bond st & spring st",0,0,1,0,0,0,0,,0,0,0,1,0,,0,1,A,0,0,,0,,0,1,"waste management (3",0,1,0,1,0,0,0,1,0,0,0,,0,,91.44,0,3,274.32,0,0,0,0,0,NULL,1,fish,158,0,0,0,"BACK PORCH &KITCHEN",0,,0,,,0,0,0,0,0,0
NJ039110,41,NJ039,NJ,SA,"2000-04-19 00:00:00",2,B,,5,0,0,1,0,1,TILE,3,B,0,,"Bay way & route 1",0,0,1,0,0,0,0,,0,0,0,1,0,,0,1,A,0,0,,0,,0,1,"Factory,",0,1,1,1,0,1,1,1,0,1,0,,0,,274.32,91.44,3,457.2,0,0,0,0,0,NULL,0,,148,0,0,0,"kitchen & bathrm",0,,0,,,0,0,0,0,0,0
NJ040110,42,NJ040,NJ,SA,"2000-04-26 00:00:00",2,B,,4,0,0,0,0,1,TILE,0,B,0,,"Bayway& Grier",1,0,0,0,0,0,0,,1,0,0,0,0,,0,1,A,0,0,,0,,0,1,,1,0,1,0,1,0,1,0,0,0,0,,0,,457.2,0,0,0,0,1,0,0,0,NULL,1,"2 parakeets",117,0,0,0,,0,,0,,,0,0,0,0,0,0
NJ041110,43,NJ041,NJ,SA,"2000-04-28 00:00:00",3,D,,7,1,1,1,0,1,TILE,2,B,0,,"Clarkson, Britton",0,1,0,0,0,0,0,,0,0,0,1,0,,0,1,A,0,0,,1,B,0,0,"The water in Mattano",0,0,0,1,0,1,0,1,0,1,0,,1,"High school buses pa",365.76,0,3,0,0,0,0,0,0,NULL,1,"dog bird",203,0,0,0,"paint in bsmnt",0,,0,,,0,0,0,0,0,0
NJ042110,44,NJ042,NJ," LM","2000-04-25 00:00:00",1,B,,3,0,0,1,0,0,TILE,3,B,0,,Mckenley,0,1,0,0,0,0,0,,1,0,0,0,0,,0,0,,0,0,,0,,0,1,,0,1,1,0,0,0,1,0,0,1,0,,0,,91.44,0,0,0,1,182.88,0,0,0,NULL,0,,153,0,0,0,BATHROOM,0,,0,,,0,0,0,0,0,0
NJ043110,45,NJ043,NJ,SA,"2000-05-05 00:00:00",2,B,,4,1,1,0,0,1,TILE,1,C,0,,"BayWay & Route 1",0,1,0,0,0,0,0,,0,0,0,1,0,,0,1,A,0,0,,0,,0,1,"propane gas stak, Li",0,1,1,1,0,0,1,0,0,1,0,,0,,91.44,91.44,2,45.72,0,0,0,9.144,0,NULL,1,bird,181,0,0,0,kitchen,0,,0,,,0,0,0,0,0,0
NJ044110,46,NJ044,NJ,SA,"2000-05-05 00:00:00",3,A,basement,3,0,0,1,0,1,"TILE, MOSAIC",2,C,0,,"Allina & Monroe",0,1,0,0,0,0,0,,0,0,0,1,0,,0,1,C,0,1,"Participant is livin",0,,0,1,"Bodwiser Co., Cemeta",0,0,0,0,0,0,0,1,0,0,1,"Bodwiser Co., Cemeta",0,,365.76,91.44,1,182.88,0,0,0,0,0,NULL,0,,89,0,0,0,"ON THE STAIRS & Bthrm",0,,0,,,0,0,0,0,0,0
NJ045110,47,NJ045,NJ,LM,"2000-05-09 00:00:00",5,E,"3rd floor",5,1,0,0,0,0,TILE,0,A,0,,"Salem & Newark Av",0,1,0,0,0,0,0,,0,0,0,1,0,,0,1,D,0,1,"Boiler & stock room",0,,0,0,,1,0,1,0,0,0,1,0,0,0,0,,0,,91.44,0,2,0,2,0,0,0,0,NULL,0,,268,0,0,0,,0,,0,,,0,0,0,0,0,0
NJ046110,48,NJ046,NJ,SA,"2000-05-18 00:00:00",2,B,,5,1,0,0,0,1,TILE,0,B,0,,"Elm & Chilton st",0,0,1,0,0,0,0,,0,0,0,1,0,,0,1,C,0,0,,0,,0,0,,0,1,0,1,0,0,0,1,1,0,0,,0,,182.88,457.2,4,0,0,0,0,0,0,NULL,1,"2 dogs, fish, birds",376,0,0,0,,0,,0,,,0,0,0,0,0,0
NJ047110,49,NJ047,NJ,SA,"2000-05-05 00:00:00",3,C,,5,0,0,1,0,1,TILE,3,B,0,,"Garden st & South Broad",0,0,1,0,0,0,0,,1,0,0,0,0,,0,0,,0,0,,0,,0,0,,1,0,0,1,0,0,1,0,0,0,0,,0,,91.44,0,3,0,0,0,0,0,0,NULL,1,fish,226,0,0,0,KITCHEN,0,,0,,,0,0,0,0,0,0
NJ048110,50,NJ048,NJ,SA,"2000-05-23 00:00:00",2,B,,7,0,1,0,0,1,CERAMIC,0,C,0,,"Dayton and Murray",0,0,1,0,0,0,0,,0,0,0,1,0,,0,1,A,0,0,,0,,0,0,,0,1,0,1,0,0,0,1,0,0,0,,0,,91.44,0,3,45.72,2,0,0,0,0,NULL,0,,585,0,0,0,"BACK PORCH & KITCHEN",0,,0,,,0,0,0,0,0,0
NJ049110,51,NJ049,NJ,SA,"2000-05-25 00:00:00",3,A,,9,0,0,0,0,1,TILE,6,B,0,,"Rebeca & Division",0,0,1,0,0,0,0,,0,0,0,1,0,,0,1,A,0,0,,0,,0,1,"Hospital incinerator",0,1,0,1,0,0,0,0,0,1,1,"Trucks on Division",1,"Hospital Waste Incin",45.72,0.9144,3,91.44,3,0,0,182.88,0,NULL,0,,485,0,0,0,"PAINT IN BSMNT, CLNRS IN KITCHEN",0,,0,,,0,0,0,0,0,0
NJ050110,73,NJ050,NJ,SA,"2000-08-23 00:00:00",3,C,,6,0,0,1,0,1,TILE,5,B,0,,"Murtte and Grier",0,0,1,0,0,0,0,,0,0,0,1,0,,0,1,A,0,0,,0,,0,1,"Exon refinery",0,0,0,1,0,0,1,1,0,1,0,,0,,137.16,0,3,91.44,3,0,0,0,0,NULL,0,,237,0,0,0,"KITCHEN &BATHRM",0,,0,,,0,0,0,0,0,0
NJ051110,53,NJ051,NJ,IB,"2000-06-01 00:00:00",3,B,,5,1,0,1,0,1,TILE,3,B,0,,"Garden st & grove st",0,0,1,1,0,0,0,,0,0,0,1,0,,0,1,D,0,0,,0,,0,0,,1,0,0,1,0,0,1,0,0,0,0,,0,,0,0,0,0,0,0,0,0,0,NULL,1,"5 parakets",220,0,0,0,,0,,0,,,0,0,0,0,0,0
NJ052110,111,NJ052,NJ,SA,"2000-05-25 00:00:00",2,B,,4,0,0,0,0,1,TILE,0,C,0,,"CROSS AND ALINA",0,0,1,0,0,0,0,,0,0,0,1,0,,0,1,A,0,0,,0,,0,1,"COOKIE FACTORY ON BR",0,0,0,1,0,0,0,0,1,0,0,,0,,182.88,0,0,0,0,0,0,0,0,NULL,0,,210,0,0,0,"BACK PORCH",0,,0,,,0,0,0,0,0,0
NJ053110,52,NJ053,NJ,SA,"2000-05-22 00:00:00",3,C,,6,0,0,1,0,1,TILE,6,B,0,,"Murtle & Grier",0,0,1,0,0,0,0,,0,0,0,1,0,,0,1,A,0,0,,0,,0,1,"Exon Refinary",0,0,0,1,0,0,1,1,0,1,0,,0,,457.2,0,2,0,0,0,0,0,0,NULL,0,,251,0,0,0,BATHRMS,0,,0,,,0,0,0,0,0,0
NJ054110,54,NJ054,NJ,SA,"2000-06-06 00:00:00",3,B,,8,0,0,1,0,1,TILE,6,B,0,,"Magnolia Ave",0,0,1,1,0,0,0,,0,0,0,1,0,,0,1,C,0,0,,0,,0,1,"Plastic bag factory",0,1,0,1,0,0,0,0,0,0,0,,0,,91.44,365.76,0,0,0,0,0,0,0,NULL,0,,305,0,0,0,"KITCHEN & BSMNT",0,,0,,,0,0,0,0,0,0
NJ055110,55,NJ055,NJ,SA,"2000-06-01 00:00:00",4,B,,8,1,1,0,1,1,TILE,2,B,0,,"Elmora Ave",1,0,0,1,0,0,0,,0,0,0,1,0,,0,1,C,0,0,,0,,0,0,,0,1,0,1,0,0,0,0,0,0,0,,0,,91.44,0,0,0,0,0,0,0,0,NULL,1,"1 dog, 1 cat",343,0,0,0,,0,,0,,,0,0,0,0,0,0
NJ056110,56,NJ056,NJ,SA,"2000-06-08 00:00:00",3,B,,6,1,1,1,1,1,TILE,3,B,0,,"Washington Ave",0,0,1,0,0,0,0,,0,0,0,1,0,,0,1,C,0,0,,0,,0,1,"Exon refinery, LINDE",1,0,0,1,0,0,1,0,0,0,0,,1,"auto shop",731.52,731.52,2,91.44,0,0,0,0,0,NULL,1,"1 dog",439,0,0,0,KITCHEN,0,,0,,,0,0,0,0,0,0
NJ057110,57,NJ057,NJ,SA,"2000-06-06 00:00:00",2,B,,7,0,1,0,0,0,ceramic,1,C,0,,"Rahway Ave, Elmora Ave",0,0,1,0,0,0,0,,0,0,0,1,0,,0,1,C,0,0,,0,,0,0,,0,1,1,0,0,0,0,1,0,0,0,,0,,182.88,0,6,0,13,182.88,4,0,0,NULL,0,,341,0,0,0,"PAINT IN GARAGE AND BSMNT",0,,0,,,0,0,0,0,0,0
NJ058110,74,NJ058,NJ,IB,"2000-06-08 00:00:00",2,B,,5,1,0,0,1,1,TILE,0,,0,,"Elmora ave",1,0,0,0,0,0,0,,1,0,0,0,0,,0,0,,0,0,,0,,0,1,"Gasoline refinery (l",1,0,0,1,0,0,1,0,0,1,0,,1,"AUTO REPAIR",54.864,0,0,27.432,0,0,1,0,2,NULL,1,DOG,227,0,0,0,"VOL=271 is for NJ258(summer time) garage was used as family room",0,,0,,,0,0,0,0,0,0
NJ059110,75,NJ059,NJ,LM,"2000-06-10 00:00:00",2,C,,6,0,0,0,0,1,LENOLEOM,0,A,0,,"Elizabeth ave, Trumbull",1,1,1,1,0,0,0,,1,0,0,1,0,,0,1,A,0,1,"boiler room",0,,0,1,"Fish factory, truck",0,0,0,1,0,0,0,1,0,1,1,"NJ turnpike, Nj conr",0,,18.288,0,2,20,0,0,731.52,182.88,0,NULL,1,dog,196,0,0,0,,0,,0,,,0,0,0,0,0,0
NJ060110,58,NJ060,NJ,LM,"2000-06-16 00:00:00",2,B,,11,0,0,1,0,1,LENOLEOM,8,B,0,,"Jersey Av,standis st",1,0,1,0,0,0,0,,0,0,0,1,0,,0,1,A,0,0,,0,,0,1,"Exon 3 miles",0,1,0,1,0,0,0,1,0,0,0,,0,,9.144,0,5,5,0,0,1,0,0,NULL,0,,544,0,0,0,,0,,0,,,0,0,0,0,0,0
NJ061110,59,NJ061,NJ,SA,"2000-06-15 00:00:00",2,B,,4,0,1,1,0,1,TILE,1,B,0,,"S.Elmora ave",0,1,0,0,0,0,0,,0,0,0,1,0,,0,1,A,0,0,,0,,0,1,"Infineum chem. plant",0,1,0,1,0,0,0,0,0,0,1,"auto repair shop",0,,137.16,0,1,9.144,0,0,0,0,0,NULL,1,"2 cockatiels",162,0,0,0,,0,,0,,,0,0,0,0,0,0
NJ062110,70,NJ062,NJ,LM,"2000-06-13 00:00:00",3,C,,5,1,1,0,1,1,TILE,1,,0,,"3rd Ave, 2nd ave",0,1,0,0,0,0,0,,1,0,0,0,0,,0,1,,0,0,,0,,0,1,"plastic factory, egg",1,0,1,0,0,0,1,0,0,0,1,"ELIZABETH COMMERCIAL",1,"EGG FACTORY",73.152,182.88,2,9.144,0,1,0,0,0,NULL,0,,174,0,0,0,,0,,0,,,0,0,0,0,0,0
NJ063110,79,NJ063,NJ,IB,"2000-07-15 00:00:00",3,B,,4,1,0,1,0,1,TILE,2,B,0,,"Applegate Av",1,0,1,0,0,0,0,,0,0,0,1,0,,0,1,B,0,0,,0,,0,1,"Amtrack & Nj transit",1,0,1,0,0,0,1,0,0,0,1,"Amtrak and NJ Railro",0,,0,0,2,9.144,0,365.76,0,0,9.144,NULL,0,,0,0,0,0,"KITCHEN & BSMNT",0,,0,,,0,0,0,0,0,0
NJ064110,72,NJ064,NJ,LM,"1999-06-20 00:00:00",3,B,,6,0,1,1,0,1,VINYL,2,B,0,,"Cherry st. Sagre",0,1,0,0,0,0,0,,1,0,0,1,0,,0,1,C,0,0,,0,,0,0,,0,0,0,0,0,0,1,0,0,1,1,"auto repair",0,,365.76,365.76,2,2,0,0,1,0,0,NULL,0,,428,0,0,0,,0,,0,,,0,0,0,0,0,0
NJ065110,81,NJ065,NJ,IB,"2000-06-22 00:00:00",2,B,,10,0,0,1,0,1,LENOLEOM,8,,0,,"Linten Ave & Elmora Ave",0,1,1,0,0,0,0,,0,0,1,0,0,,0,1,A,0,0,,0,,0,1,"Tosco Oil Kefinery,",0,1,0,1,0,0,0,1,0,1,0,,0,,137.16,0,5,9.144,5,5,20,0,0,NULL,0,,455,0,0,0,,0,,0,,,0,0,0,0,0,0
NJ066110,82,NJ066,NJ,SA,"2000-05-15 00:00:00",3,B,,6,1,1,0,0,1,TILE,2,B,0,,"Garden st & S Broad",0,1,1,0,0,0,0,,1,0,0,0,0,,0,0,,0,0,,0,,0,1,"Right at Route 1",1,0,0,1,0,0,1,0,0,0,0,,0,,91.44,0,3,0,0,0,0,0,0,NULL,0,,309,0,0,0,KITCHEN,0,,0,,,0,0,0,0,0,0
NJ067110,83,NJ067,NJ,IB,"2000-07-29 00:00:00",3,B,,7,0,0,1,0,1,LENOLEOM,5,,0,,"Margie Ave and Byron Ave",0,0,1,0,1,0,0,,0,0,0,1,0,,0,1,C,0,0,,1,B,0,0,,0,0,0,1,0,0,0,1,0,0,0,,0,,320.04,0,0,182.88,0,0,0,0,0,NULL,1,"bird, dog",475,0,0,0,,0,,0,,,0,0,0,0,0,0
NJ068110,112,NJ068,NJ,IB,"2000-07-05 00:00:00",2,B,,8,1,0,1,1,0,,4,C,0,,"MAGIE AV",1,0,1,1,0,0,0,,0,0,0,1,0,,0,1,C,0,0,,1,B,0,0,,1,0,0,0,0,0,1,0,0,0,0,,0,,45.72,0,0,0,0,0,0,0,0,NULL,0,,307,0,0,0,,0,,0,,,0,0,0,0,0,0
NJ069110,113,NJ069,NJ,IB,"2000-06-30 00:00:00",2,C,,5,0,0,1,0,1,TILE,3,B,0,,"NEWARK AV",1,0,0,0,0,0,0,,0,0,0,1,0,,0,1,A,0,0,,0,,0,1,"INTERBAKE INC, BOTTL",0,0,0,1,0,0,1,0,0,0,1,"COOKIE FACTORY",0,,91.44,0,0,0,0,365.76,0,0,0,NULL,0,,148,0,0,0,,0,,0,,,0,0,0,0,0,0
NJ070110,84,NJ070,NJ,LM,"2000-07-06 00:00:00",3,B,,8,1,1,0,0,1,TILE,4,,0,,"Park Ave and Galloping Hill Rd",0,1,1,0,0,0,0,,0,0,0,1,0,,0,1,D,0,0,,0,,0,0,,0,1,0,1,0,0,0,1,0,0,0,,0,"auto repair shop",182.88,548.64,0,0,0,0,0,0,0,NULL,1,"2 cats",642,0,0,0,"PAINT & PESTICIDE IN GARAGE, CLEANERS IN LAUNDRY",0,,0,,,0,0,0,0,0,0
NJ071110,63,NJ071,NJ,LM,"2000-07-06 00:00:00",2,C,,4,0,0,0,0,1,,1,,1,,"Fairmont & adams",0,0,0,0,0,0,0,,0,0,0,0,0,,0,0,,0,0,,0,,0,0,,0,1,0,1,0,0,0,1,0,0,0,,0,,0,0,2,2,0,0,0,0,0,NULL,0,,143,0,0,0,,0,,0,,,0,0,0,0,0,0
NJ072110,114,NJ072,NJ,IB,"2000-07-11 00:00:00",3,D,,3,0,0,0,0,1,TILE,0,B,0,,,0,1,0,0,0,0,0,,1,0,0,0,0,,0,0,,0,0,,0,,0,0,,0,0,0,0,0,0,0,1,0,1,0,,0,,1,0,0,91.44,0,182.88,0,0,0,NULL,0,,0,0,0,0,"UNDER KITCHEN SINK",0,,0,,,0,0,0,0,0,0
NJ073110,64,NJ073,NJ,IB,"2000-07-12 00:00:00",2,B,,4,0,0,1,1,0,TILE,2,,0,,"Clark st",1,0,0,0,0,0,0,,1,0,0,0,0,,0,0,,0,0,,0,,0,1,"Plastic factory,popc",0,1,0,1,0,0,0,1,1,0,1,"auto repair, paint,",0,,10,0,1,1,18.288,0,0,0,0,NULL,0,,158,0,0,0,"UNDER KITCHEN SINK",0,,0,,,0,0,0,0,0,0
NJ074110,65,NJ074,NJ,IB,"2000-07-14 00:00:00",8,E,,3,1,0,0,0,1,TILE,0,C,0,,,0,1,0,0,0,0,0,,1,0,0,0,0,,0,1,A,0,0,,1,B,0,0,,1,0,0,1,0,0,0,1,0,1,0,,0,,182.88,0,4,0,0,0,1,0,0,NULL,0,,174,0,0,0,"UNDER KITCHEN SINK",0,,0,,,0,0,0,0,0,0
NJ075110,66,NJ075,NJ,IB,"2000-07-19 00:00:00",2,B,,6,1,0,1,1,1,"TILE, CERAMIC",1,,0,,"Edgar rd,  ROUTE 1&9",1,0,1,1,0,0,0,,1,0,0,0,0,,0,1,A,0,0,,0,,0,1,"Exon refinery",0,1,1,0,0,0,0,0,0,0,1,"189, auto repair sho",0,,36.576,0,4,91.44,0,0,0,0,45.72,NULL,0,,274,0,0,0,,0,,0,,,0,0,0,0,0,0
NJ076110,85,NJ076,NJ,IB,"2000-07-21 00:00:00",3,C,,5,1,0,1,0,1,TILE,1,B,0,,"Louisa Ave",1,1,0,0,0,0,0,,0,0,0,1,0,,0,1,A,0,0,,0,,0,0,,0,0,1,0,0,0,1,0,0,1,1,"auto repair shop",0,,137.16,0,0,0,0,137.16,137.16,0,0,NULL,1,"1 dog",413,0,0,0,,0,,0,,,0,0,0,0,0,0
NJ077110,68,NJ077,NJ,LM,"2000-07-26 00:00:00",3,C,,4,1,0,0,0,1,VINYL,0,B,0,,"Vine st, murray, rahway",0,1,0,0,0,0,0,,0,0,0,0,1,"boyler and laundry",0,1,E,1,0,,0,,0,0,,1,0,0,1,0,0,0,1,0,0,0,,0,,731.52,731.52,2,2,0,0,0,0,0,NULL,0,,180,0,0,0,,0,,0,,,0,0,0,0,0,0
NJ078110,69,NJ078,NJ,LM,"2000-07-26 00:00:00",2,B,,6,1,0,1,0,1,VINYLl,2,B,0,,"E. Jersey & living",0,0,0,0,0,0,1,"don't know",0,0,0,0,0,,1,1,D,0,0,,0,,0,0,,0,0,0,1,0,0,0,1,0,1,0,,0,,54.864,54.864,2,2,0,0,0,0,0,NULL,1,"1 dog",341,0,0,0,,0,,0,,,0,0,0,0,0,0
NJ079110,88,NJ079,NJ,LM,"2000-08-02 00:00:00",3,B,,4,1,0,1,1,0,,1,A,0,,"Fulton and Franklin",0,0,1,0,0,0,0,,0,0,0,1,0,,0,1,,0,1,"living unit",0,,0,1,"RECYCLlING FASILITY",1,0,1,0,0,0,1,0,0,1,0,,1,factory,182.88,0,2,2,0,0,0,0,0,NULL,0,,165,0,0,0,,0,,0,,,0,0,0,0,0,0
NJ080110,89,NJ080,NJ,LM,"2000-08-02 00:00:00",2,B,,1,0,0,1,0,0,TILE,6,A,0,,"Trumbell and Inslee",0,0,1,0,0,0,0,,0,0,0,1,0,,0,1,C,0,0,,1,,0,0,,0,1,1,0,0,0,1,0,1,0,1,factories,0,,61.2648,0,15,15,0,0,0,0,0,NULL,1,CATS,0,0,0,0,"KITCHEN &BACKDOOR PORCH-PART OF INHOUSE",0,,0,,,0,0,0,0,0,0
NJ081110,90,NJ081,NJ,LM,"2000-08-09 00:00:00",3,B,,7,0,0,1,0,1,TILE,6,B,0,,"W Jersey & W Grand",0,0,1,0,0,0,0,,0,0,0,1,0,,0,1,C,0,1,"vented appliances",0,,0,1,,0,1,0,1,0,0,1,0,1,0,0,,0,,91.44,91.44,2,2,0,0,0,0,0,NULL,0,,395,0,0,0,,0,,0,,,0,0,0,0,0,0
NJ082110,91,NJ082,NJ,SA,"2000-08-15 00:00:00",4,D,,4,0,0,1,0,0,,3,C,0,,"Jersey Ave & Elmora Ave",0,0,1,0,0,0,0,,0,0,0,1,0,,0,1,D,0,0,,0,,0,0,,1,1,0,1,0,0,1,1,1,0,0,,0,,91.44,0,3,0,0,0,0,0,0,NULL,0,,146,0,0,0,"ALL CLNRS AND PAINTS IN SIDEWAY TO BACKYARD-OUT OF HOUSE",0,,0,,,0,0,0,0,0,0
NJ083110,92,NJ083,NJ,RH,"2000-09-05 00:00:00",3,B,,6,0,1,1,1,1,TILE,2,B,0,,"Kipling & Browning",1,1,0,0,0,0,0,,0,0,0,1,0,,0,1,D,0,0,,0,,0,0,,0,1,0,1,0,0,0,1,0,0,0,,0,,2,0,3,9.144,0,0,0,0,0,NULL,1,dog,320,0,0,0,"PAINT IN GARAGE, CLNRS UNDER KITCHEN SINK",0,,0,,,0,0,0,0,0,0
NJ084110,93,NJ084,NJ,LM,"2000-09-20 00:00:00",2,C,,6,0,1,0,0,0,ceramic,0,B,0,,"W Jersey & Acme St",0,0,1,0,0,0,0,,0,0,0,1,0,,0,1,F,0,1,"heating laundry rm",0,,0,0,,0,0,0,1,0,0,1,0,1,0,0,,0,,45.72,45.72,2,2,0,0,0,0,0,NULL,1,dog,221,0,0,0,,0,,0,,,0,0,0,0,0,0
NJ085110,94,NJ085,NJ,RH,"2000-09-01 00:00:00",4,B,,9,0,1,1,0,1,TILE,7,B,1,"dog hair","Irvington & Kempshall",1,0,0,0,0,0,0,,0,0,0,1,0,,0,1,A,0,0,,0,,0,0,,0,0,0,0,0,0,0,1,0,0,0,,0,,402.336,804.672,3,9.144,5,1,1,0,3,NULL,1,"2 dogs",364,0,0,0,"PAINT IN BSMNT& ATTIC,PESTICIDE IN GARAGE, CLNRS IN KITCHEN & BSMNT & GARAGE",0,,0,,,0,0,0,0,0,0
NJ086110,95,NJ086,NJ,SA,"2000-09-12 00:00:00",2,C,,5,0,0,1,0,1,LENOLEOM,2,B,0,,"Bayway & McKinley",0,0,1,0,0,0,0,,0,0,0,1,0,,0,1,A,0,0,,0,,0,1,"Exon refinery",0,1,1,1,0,0,1,0,0,1,0,,1,"water treatment plan",0,0,3,274.32,0,0,0,0,1.8288,NULL,0,,174,0,0,0,"CLNRS UNDER BTHRM SINK",0,,0,,,0,0,0,0,0,0
NJ087110,96,NJ087,NJ,SA,"2000-09-01 00:00:00",2,C,,4,0,1,0,0,1,VINYL,1,A,0,,,0,0,1,0,0,0,0,,0,0,0,1,0,,0,1,B,0,0,,0,,0,1,"Chocolate factory",1,1,0,1,0,1,1,1,1,1,0,,0,,182.88,91.44,2,182.88,0,0,0,0,0,NULL,1,"turtle & mouse",153,0,0,0,"ALL IN KITCHEN",0,,0,,,0,0,0,0,0,0
NJ088110,97,NJ088,NJ,LM,"2000-09-14 00:00:00",2,B,,5,0,0,0,0,1,TILE,1,B,0,,"broadway & park PL",0,0,1,0,0,0,0,,0,0,0,0,1,"LAUNDRY & BATHROOM",0,1,C,0,1,"laundry only",0,,0,0,,0,1,0,1,0,0,0,1,1,0,0,,0,,91.44,91.44,2,1,914.4,0,0,0,0,NULL,1,dog,262,0,0,0,"ALL IN BASEMENT",0,,0,,,0,0,0,0,0,0
NJ089110,98,NJ089,NJ,LM,"2000-09-14 00:00:00",2,C,,6,0,0,0,0,1,"WOOD, VINYL",1,A,0,,"1st Ave & 2nd Ave",0,0,1,0,0,0,0,,0,0,0,0,0,,1,1,F,0,1,"laundry, boiler, sto",0,,0,1,"Exon in Bayway",0,1,1,0,0,0,0,1,1,0,0,,1,"the port",9.144,457.2,2,2,0,0,0,0,0,NULL,0,,213,0,0,0,,0,,0,,,0,0,0,0,0,0
NJ090110,99,NJ090,NJ,SA,"2000-10-03 00:00:00",2,C,,8,1,0,1,0,1,TILE,6,C,0,,"Magie & Wyoming",1,0,0,0,0,0,0,,0,0,0,1,0,,0,1,D,0,0,,0,,0,0,,0,1,0,1,0,0,0,1,0,1,0,,0,,2,0,3,182.88,0,0,0,0,0,NULL,0,,341,0,0,0,"PAINT & PESTICIDE SPRAY IN GARAGE, CLNERS IN KITCH",0,,0,,,0,0,0,0,0,0
NJ091110,100,NJ091,NJ,SA,"2000-10-11 00:00:00",2,C,,5,0,0,1,0,1,TILE,1,B,0,,"Bayway & McKinley",0,0,1,0,0,0,0,,0,0,0,1,0,,0,1,A,0,0,,0,,0,1,"Gas station and part",0,0,1,1,0,0,1,1,0,1,0,,0,,9.144,91.44,2,91.44,0,0,0,0,0,NULL,1,"8 hamsters",110,0,0,0,"CLNRS UNDER BTHRM SINK",0,,0,,,0,0,0,0,0,0
NJ092110,101,NJ092,NJ,SA,"2000-10-19 00:00:00",8,E,3rd,3,0,0,0,0,1,ceramic,0,C,0,,"North Ave & N Broad St",0,1,0,0,0,0,0,,0,0,0,1,0,,0,1,D,0,0,,0,,1,0,,0,1,0,1,0,0,0,1,0,1,1,"meat shop in N Broad",0,,2,0,2,804.672,0,0,0,0,0,NULL,0,,98,0,0,0,"KITCHEN SINK AND BATHRM",0,,0,,,0,0,0,0,0,0
NJ093110,102,NJ093,NJ,SA,"2000-10-12 00:00:00",2,B,,7,0,0,1,0,0,TILE,6,B,0,,"Raymond & Morris Ave",0,0,1,0,0,0,0,,0,0,0,1,0,,0,1,,0,0,,1,,1,0,,0,1,1,1,0,0,1,1,0,0,0,,0,,2,0,2,0,0,0,0,0,0,NULL,0,,298,0,0,0,"CLEANERS IN LAUNDRY AND KITCHEN",0,,0,,,0,0,0,0,0,0
NJ094110,103,NJ094,NJ,SA,"2000-10-19 00:00:00",4,B,,4,1,0,0,0,1,CERAMIC,0,B,0,,"Raymond & North Ave",0,0,1,0,0,0,0,,0,0,0,1,0,,0,1,D,0,0,,0,,0,0,,0,0,1,1,0,0,1,1,0,1,1,"car wash",0,,2,0,2,0,0,0,0,0,0,NULL,1,dog,405,0,0,0,"PAINT & LAUNDRY CLEANERS IN BASEMENT, SOME IN KITC",0,,0,,,0,0,0,0,0,0
NJ095110,104,NJ095,NJ,SA,"2000-10-24 00:00:00",2,B,,8,0,1,1,0,1,TILE,6,B,0,,"Shelley Rd & Kipling Rd",0,0,1,0,0,0,0,,0,0,0,1,0,,0,1,D,0,0,,0,,0,0,,0,1,0,1,0,1,0,1,0,0,0,,1,"Lehigh Av(industrial",3,0,4,804.672,0,0,274.32,0,0,NULL,1,dog,514,0,0,0,"CLEANERS IN KITCHEN, PAINT IN GARAGE",0,,0,,,0,0,0,0,0,0
NJ096110,105,NJ096,NJ,LM,"2000-11-02 00:00:00",2,B,,5,0,0,1,0,0,TILE,3,A,0,,,0,1,0,0,0,0,0,,0,0,0,0,0,,1,1,F,0,1,boiler,0,,0,1,"near port",1,0,1,0,0,0,1,0,1,0,1,"gas station",0,,182.88,1,2,0,0,0,0,0,0,NULL,0,,146,0,0,0,"CLEANERS IN KITCHEN",0,,0,,,0,0,0,0,0,0
NJ097110,106,NJ097,NJ,LM,"2000-11-07 00:00:00",3,B,,5,1,0,0,0,1,"3ROOM RUG",3,B,0,,"E Grand St & Reid St",0,0,1,0,0,0,0,,0,0,0,0,0,,1,1,A,0,1,,0,,0,1,"dont know",0,0,0,1,0,0,0,0,0,0,0,,0,,182.88,0,2,0,0,0,0,0,0,NULL,0,,145,0,0,0,,0,,0,,,0,0,0,0,0,0
NJ098110,107,NJ098,NJ,SA,"2000-11-14 00:00:00",3,C,,5,1,0,1,0,0,TILE,5,B,0,,"Division & E Jersey",0,0,1,0,0,0,0,,0,0,0,1,0,,0,1,D,0,0,,0,,0,0,,0,1,0,1,0,0,1,0,0,1,0,,0,,402.336,0,2,365.76,0,0,0,0,0,NULL,1,fish,199,0,0,0,"ALL CLEANERS UNDER KITCHEN AND BATH RM SINK",0,,0,,,0,0,0,0,0,0
NJ099110,109,NJ099,NJ,LM,"2000-11-28 00:00:00",2,C,,6,0,0,1,0,0,VINYL,5,A,0,,"Division & East jersey",0,0,1,0,0,0,0,,0,0,0,1,0,,0,1,A,0,0,boiler,0,,0,1,"hospital incineratio",0,0,0,1,0,0,1,0,0,1,0,,0,,548.64,182.88,2,0,0,0,0,0,0,NULL,1,dog,240,0,0,0,,0,,0,,,0,0,0,0,0,0
NJ100110,110,NJ100,NJ,LM,"2000-12-05 00:00:00",3,C,,4,0,1,0,0,0,TILE,3,A,0,,"East Jersey and 3rd",0,0,1,0,0,0,0,,0,0,0,0,0,,1,0,,0,0,,0,,0,0,,1,0,0,1,0,0,1,0,1,0,0,,0,,91.44,0,2,0,0,0,0,0,0,NULL,0,,145,0,0,0,,0,,0,,,0,0,0,0,0,0
TX001110,202,TX001,TX,JS/SM/MM,"1999-06-21 00:00:00",2,B,,8,1,0,1,0,1,"CEMENT & CARPET (WAL",5,B,0,,"STELLA LINK & BRAESWOOD",1,1,0,0,0,0,1,"COMPOSITE MATERIAL",1,0,0,0,0,,0,0,,0,0,,0,,0,0,,0,0,0,1,0,0,0,1,0,0,0,,0,,0,0,0,0,0,0,0,0,64.008,NULL,1,"DOG & 2 CATS",0,999,779.48,0,,0,,0,,,0,0,0,0,0,0
TX002110,203,TX002,TX,MM,"1999-06-29 00:00:00",2,C,,3,0,0,1,0,0,,2,B,0,,"CAMBRIDGE & OLD SPANISH TRAIL",0,0,0,0,1,0,0,,1,0,0,0,0,,0,0,,0,0,,1,B,0,0,,0,1,0,1,0,0,0,1,0,0,0,,1,"DR. PEPPER BOTTLING",182.88,0,15,0,0,0,0,1,0,NULL,0,,0,999,117.92,0,,0,,0,,,0,0,0,0,0,0
TX003110,204,TX003,TX,MM/JS,"1999-07-19 00:00:00",1,B,,8,1,1,1,0,0,,5,C,0,,"BAYWAY & DECKER",0,1,0,0,0,0,0,,1,0,0,0,0,,0,0,,0,0,,0,,1,1,EXXON,0,0,0,1,0,0,0,1,0,1,0,,0,,0,0,5,0,0,0,0,0,0,NULL,1,"2 DOGS & CAT",0,815.52,824.09,0,,0,,0,,,0,0,0,0,0,0
TX004110,205,TX004,TX,MM/SM,"1999-07-26 00:00:00",3,,"BOTH B AND C",12,0,0,0,0,1,"TILE FLOORS",7,B,0,,"BAYWAY & DECKER",0,0,0,1,0,0,0,,1,0,0,0,1,"PLAYROOM ON RAISED P",0,0,,0,0,,1,B,1,1,EXXON,0,0,0,1,0,0,0,0,0,0,0,,0,,60.3504,6,0,0,0,0,0,0,0,NULL,0,,0,999,1353.56,0,,0,,0,,,0,0,0,0,0,0
TX005110,206,TX005,TX,JS/SM,"1999-08-16 00:00:00",1,B,,6,0,0,0,0,0,,6,C,0,,DECKER,1,1,0,0,0,0,0,,1,0,0,0,0,,0,0,,0,0,,0,,0,1,EXXON,0,0,1,0,0,0,0,1,0,0,0,,0,,0,0,0,0,2,0,0,0,0,NULL,1,,0,999,349.4,0,,0,,0,,,0,0,0,0,0,0
TX006110,207,TX006,TX,SM,"1999-08-16 00:00:00",1,B,,6,0,0,1,0,0,,5,C,0,,"GARTH & HWY 146",0,1,0,0,0,0,0,,1,0,0,0,0,,0,0,,0,0,,0,,0,1,"EXXON, BAYER, HL&P,",0,1,0,0,0,0,0,1,0,0,0,,0,,0,0,0,0,6,0,0,0,0,NULL,1,"2 CATS",0,999,276.45,0,,0,,0,,,0,0,0,0,0,0
TX007110,208,TX007,TX,SM/TS,"1999-08-27 00:00:00",1,B,,6,1,0,1,0,1,"TILE IN KITCHEN",4,B,0,,,1,0,0,0,0,0,0,,1,0,0,0,0,,0,0,,0,0,,0,,0,0,,0,0,0,1,0,0,0,1,0,0,1,LYONDELL-CITGO,0,,0,182.88,0,0,0,0,0,0,182.88,NULL,0,,0,999,264.4,0,,0,,0,,,0,0,0,0,0,0
TX008110,209,TX008,TX,SM/TS,"1999-08-26 00:00:00",1,B,,8,0,0,1,0,1,TILES/LINOLEUM,5,B,0,,"HWY 225",1,0,0,0,0,0,0,,1,0,0,0,0,,0,0,,0,0,,0,,0,1,"LYONDELL-CITGO, CROW",0,0,0,1,0,0,0,1,0,0,0,,0,,182.88,0,0,0,0,0,0,0,0,NULL,0,,0,999,335.5,0,,0,,0,,,0,0,0,0,0,0
TX009110,210,TX009,TX,SM/MM,"1999-08-31 00:00:00",1,B,,4,0,0,1,0,0,,4,A,0,,"HWY 225 & RICHEY",0,0,0,0,0,0,1,"PRESSED BOARD",0,0,0,0,1,"TRAILER ON ITS BASES",0,0,,0,0,,0,,0,1,LYONDELL-CITGO,0,1,0,1,0,0,0,0,0,0,1,"SALES BUSINESS ACROS",1,"DONUT PLACE, K&M EQU",68.58,0,0,0,0,0,0,0,0,NULL,0,,0,999,284.18,0,,0,,0,,,0,0,0,0,0,0
TX010110,211,TX010,TX,TS/SM,"1999-09-02 00:00:00",1,B,,7,1,1,1,1,1,"LINOLEUM IN KITCHEN",2,B,0,,"BLACKWELL & HWY 225",1,0,1,0,0,0,0,,1,0,0,0,0,,0,0,,0,0,,0,,0,1,"LYONDELL-CITGO, SHEL",0,0,0,1,0,0,0,0,0,0,1,"DONUT SHOP",0,,0,0,0,0,0,0,0,0,0,NULL,0,,0,999,231.93,0,,0,,0,,,0,0,0,0,0,0
TX011110,212,TX011,TX,TS,"1999-09-02 00:00:00",1,B,,5,1,0,0,0,1,"LINOLEUM/TILE IN KIT",0,B,0,,"BLACKWELL & HWY 225",1,0,1,0,0,0,0,,1,0,0,0,0,,0,0,,0,0,,0,,0,1,"LYONDELL-CITGO, HL&P",0,0,0,1,0,0,0,1,0,0,0,,0,,0,0,0,0,0,0,0,0,0,NULL,1,"DOG & FISH",0,999,202.58,0,,0,,0,,,0,0,0,0,0,0
TX012110,14,TX012,TX,SM,"1999-09-24 00:00:00",1,B,,7,0,0,1,0,1,"TILES IN DINING ROOM",6,B,0,,"HWY 225 & RICHEY, GLASGOW & SHAW",0,0,1,0,0,0,0,,0,1,0,0,0,,0,0,,0,0,,0,,0,1,"LYONDELL-CITGO, SHEL",0,0,0,1,0,0,0,0,0,0,1,"RAILROAD TRACK",0,,0,9.144,0,0,0,0,0,0,0,NULL,1,DOG,0,999,258.87,0,,0,,0,,,0,0,0,0,0,0
TX013110,16,TX013,TX,MM/SM,"1999-10-01 00:00:00",1,B,,4,0,0,1,0,1,"VINYL IN KITCHEN",4,B,0,,"HWY 225 & BLACKWELL (S), SHAW & BLACKWELL (N)",0,1,0,0,0,0,0,,1,0,0,0,0,,0,0,,0,0,,0,,0,1,"LYONDELL-CITGO, HL&P",0,0,0,1,0,0,0,0,0,0,0,,1,"TANK TRUCK LOADING A",0,0,0,0,0,0,0,0,0,NULL,0,,0,999,203.54,0,,0,,0,,,0,0,0,0,0,0
TX014110,18,TX014,TX,SM,"1999-10-11 00:00:00",1,B,,4,0,0,1,0,1,TILES,4,B,0,,"HART & RICHEY, RICHEY & SOUTHMORE",1,0,0,0,0,0,0,,1,0,0,0,0,,0,0,,0,0,,0,,0,1,"LYONDELL-CITGO, CROW",0,0,0,1,0,0,0,0,0,0,1,"FAST FOOD",0,,13.716,0,0,0,0,2,0,0,0,NULL,0,,0,999,192.5,0,,0,,0,,,0,0,0,0,0,0
TX015110,20,TX015,TX,MM/SM,"1999-10-17 00:00:00",1,B,,6,0,0,0,0,1,"VINYL IN KITCHEN",6,C,0,,,0,1,0,0,0,0,1,"BRICK VENEER",1,0,0,0,0,,0,0,,0,0,,0,,0,0,,0,1,1,1,0,0,0,1,0,0,0,,0,,0,0,0,0,0,0,0,0,0,NULL,0,,0,360.44,362.33,0,,0,,0,,,0,0,0,0,0,0
TX016110,22,TX016,TX,SM,"1999-11-12 00:00:00",1,B,,5,1,0,0,0,1,TILES,0,B,0,,"DECKER & CRESTMONT",0,0,0,0,1,0,0,,1,0,0,0,0,,0,0,,0,0,,0,,0,1,EXXON,0,0,0,0,0,0,0,0,0,0,0,,0,,0,0,0,0,0,0,0,0,0,NULL,0,,0,617.75,241.98,0,,0,,0,,,0,0,0,0,0,0
TX017110,23,TX017,TX,SM,"1999-11-29 00:00:00",1,B,,4,0,0,1,0,1,"VINYL TILES",3,B,0,,"W BELMONT & BLACKWELL",0,0,1,0,0,0,0,,1,0,0,0,0,,0,0,,0,0,,0,,0,1,LYONDELL-CITGO,0,0,0,1,0,0,0,0,0,0,1,"PASSING TRAIN",1,"DONUT SHOP",0,0,0,0,0,0,0,0,0,NULL,1,"2 PARROTS",0,233.3,201.5,0,,0,,0,,,0,0,0,0,0,0
TX018110,24,TX018,TX,SM/MM,"1999-12-18 00:00:00",1,B,,6,0,0,1,1,1,"VINYL TILES",1,B,0,,,0,0,1,0,0,0,0,,1,0,0,0,0,,0,0,,0,0,,0,,0,1,"LYONDELL-CITGO, HL&P",0,0,0,0,0,0,0,0,0,0,1,RAILROAD,1,"CHEMICAL PLANTS",1,0,0,0,0,0,0,0,0,NULL,0,,0,270.02,191.4,0,,0,,0,,,0,0,0,0,0,0
TX019110,26,TX019,TX,MM/SM,"1999-12-30 00:00:00",1,B,,7,0,0,1,0,1,"VINYL TILES",1,A,0,,"COLLINGSDALE & FERN BROOK",0,1,0,0,0,0,0,,1,0,0,0,0,,0,0,,0,0,,0,,0,0,,0,0,0,0,0,0,0,1,0,0,0,,0,,182.88,0,3,6,5,0,5,4,0,NULL,1,"DOGS & BIRDS",0,482.41,412.27,0,,0,,0,,,0,0,0,0,0,0
TX020110,96,TX020,TX,SM/MM,"1999-12-30 00:00:00",1,B,,5,0,0,1,0,1,LINOLEUM,4,B,0,,"MARTHA & BURKE, SOUTHMORE & BURKE",1,1,0,0,0,0,0,,0,0,0,0,0,,0,0,,0,0,,0,,0,0,,0,0,0,1,0,0,0,1,0,0,0,,0,,0,0,0,5,0,0,0,0,0,NULL,0,,0,511,353.58,0,,0,,0,,,0,0,0,0,0,0
TX021110,28,TX021,TX,SM,"2000-01-03 00:00:00",1,B,,5,0,0,1,0,1,"WOOD, VINYL TILES",4,B,0,,"11TH ST & GALENA, CLINTON & 11TH ST",0,0,0,0,0,1,0,,0,1,0,0,0,,0,0,,0,0,,0,,0,1,"CROWN, GATX, TEXMARK",0,0,0,0,0,0,1,1,0,0,1,"CARWASH, STREET REPA",1,"SEWAGE PLANT, RAILRO",0,1,0,0,2,0,0,0,0,NULL,1,DOG,0,324.52,322.32,0,,0,,0,,,0,0,0,0,0,0
TX022110,32,TX022,TX,JK,"2000-02-04 00:00:00",2,B,,6,0,0,1,0,1,"HARDWOOD & PLYWOOD U",5,B,0,,"AVE J & S MAIN",1,0,0,0,0,0,1,"STEEL SIDING",0,0,0,0,1,BLOCKS,0,0,,0,0,,0,,0,1,"US GYPSUM, GASTECH,",0,0,0,1,0,0,0,1,0,1,0,,0,,548.64,0,9,0,1,0,0,0,0,NULL,0,,0,276,359.17,0,,0,,0,,,0,0,0,0,0,0
TX023110,30,TX023,TX,JK/MM,"2000-02-07 00:00:00",1,E,"KITCHEN, DEN, FAMILY",10,1,0,0,0,1,"KITCHEN, UTILITY ARE",5,C,0,,"WARD RD/KILGORE & PECAN MANOR",0,1,1,0,0,0,0,,0,1,0,0,0,,0,0,,0,0,,1,B,1,1,"RELIANT ENGY, UNK CO",0,0,0,0,0,0,0,0,0,0,0,,1,"RELIANT ENGY POWER P",2,0,4,3,0,0,0,0,0,NULL,0,,0,999,789.78,0,,0,,0,,,0,0,0,0,0,0
TX024110,34,TX024,TX,JK/SM,"2000-02-07 00:00:00",1,E,"FAMILY ROOM, KITCHEN",5,0,0,1,0,0,,4,C,0,,"WARD BETWEEN KILGORE & ALEXANDER DR",1,1,0,0,0,0,1,"CEDAR WOOD",1,0,0,0,0,,0,0,,0,0,,0,,0,0,,0,0,0,1,0,0,0,0,0,0,0,,0,,1,0,4,4,0,0,0,0,0,NULL,0,,0,999,408.75,0,,0,,0,,,0,0,0,0,0,0
TX025110,36,TX025,TX,MM/JK,"2000-02-11 00:00:00",2,B,,8,0,1,0,1,1,"1ST FLOOR - TILE, 2N",4,B,0,,"OAKLAND & DECKER",0,1,1,1,0,0,0,,1,0,0,0,1,"CONCRETE SLAB",0,0,,0,0,,0,,0,1,"LAMAR TRUCKING - DIE",0,0,0,1,0,0,0,1,0,0,0,,1,"LAMAR TRUCKING CO.",244.145,0,4,4,1,0,0,0,0,NULL,0,,0,627.82,519.4,0,,0,,0,,,0,0,0,0,0,0
TX026110,38,TX026,TX,JK,"2000-02-11 00:00:00",2,B,,8,0,0,1,0,1,"TILE W/ CEMENT UNDER",6,B,0,,"HWY 146 & EL CHACO",1,0,0,1,0,0,0,,0,0,0,0,1,CONCRETE,0,0,,0,0,,0,,0,1,"BAYCHEM (PLASTICS)",0,0,0,1,0,0,0,0,0,0,0,,1,BAYCHEM,61.2648,0,4,4,0,0,0,31.0896,0,NULL,1,"2 DOBI PINCHERS",0,831.08,530.9,0,,0,,0,,,0,0,0,0,0,0
TX027110,40,TX027,TX,JK/SM,"2000-02-14 00:00:00",2,B,,9,0,1,1,0,1,"BRICK IN KITCHEN & D",5,C,0,,"HWY 146 & NEEDLE PT ROAD",1,1,0,0,0,0,0,,1,0,0,0,0,,0,0,,0,0,,1,B,0,1,"CHEVRON, CARBON-BLAC",0,0,0,1,0,0,0,1,0,0,0,,1,"CHEVRON, CARBON PLT,",0,2,4,4,1,0,0,0,0,NULL,0,,0,1603.8,1291.8,0,,0,,0,,,0,0,0,0,0,0
TX028110,42,TX028,TX,MM/JK,"2000-02-18 00:00:00",1,B,,6,0,1,0,0,0,,3,A,0,,"UTAH & KENTUCKY",1,0,0,0,0,1,0,,0,1,0,0,0,,0,0,,0,0,,0,,0,1,EXXON,0,0,0,1,0,0,0,1,0,1,0,,1,"SOME STORES",1,0,0,0,1,0,0,0,0,NULL,1,"CAT & GUINEA PIG",0,387.73,293.73,0,,0,,0,,,0,0,0,0,0,0
TX029110,44,TX029,TX,MM/JK,"2000-02-18 00:00:00",2,B,,8,0,0,1,0,1,"TILE IN KITCHEN & BA",7,B,0,,"WEST GULF & LAREDO",1,1,1,1,0,0,0,,1,0,0,0,0,,0,0,,0,0,,0,,0,1,EXXON,0,0,0,0,0,0,0,1,0,0,0,,1,"GROCERY STORE, AUTO-",1,0,7,0,3,0,3,0,0,NULL,0,,0,999,488.79,0,,0,,0,,,0,0,0,0,0,0
TX030110,47,TX030,TX,JK/SM,"2000-02-21 00:00:00",1,B,,6,0,0,1,0,1,"TILE & LINOLEUM IN K",5,C,0,,"FORTNER & ARBOR",0,1,0,0,0,1,0,,1,0,0,0,0,,0,0,,0,0,,0,,0,1,EXXON,0,0,0,1,0,1,0,1,0,0,0,,1,"AUTOBODY & PAINT SHO",0,0,30,0,13.716,0,13.716,0,0,NULL,1,"4 DOGS",0,616.78,361.07,0,,0,,0,,,0,0,0,0,0,0
TX031110,48,TX031,TX,JK/SM,"2000-02-21 00:00:00",1,B,,5,0,0,1,0,1,"TILE IN KITCHEN, BAT",3,C,0,,"FORTNER & ARBOR",0,0,0,1,0,1,0,,1,0,0,0,0,,0,0,,0,0,,0,,0,1,"EXXON (BACKYARD)",0,0,0,1,0,0,0,1,0,1,0,,1,"AUTO MECH SHOP, FIRE",2,2,35,0,1,0,2,0,0,NULL,1,"2 CATS",0,261.26,260.83,0,,0,,0,,,0,0,0,0,0,0
TX032110,50,TX032,TX,SM,"2000-02-26 00:00:00",3,B,,7,0,0,0,1,1,"CARPET, TILE, & WOOD",5,B,0,,"MANCHESTER & CENTRAL",1,0,0,0,0,0,0,,0,0,0,0,1,"CINDER BLOCK (FRAME",0,0,,0,0,,0,,0,1,"VALERO, LYONDELL-CIT",0,1,0,1,0,0,0,1,0,1,0,,1,"FIBER-GLASS BOAT MAN",0.9144,0,0,0,0,0,0,0,0,NULL,1,DOG,0,999,263.1,0,,0,,0,,,0,0,0,0,0,0
TX033110,52,TX033,TX,SM,"2000-03-10 00:00:00",2,B,,7,0,0,1,0,1,LINOLEUM,7,C,0,,"WOODFOREST & BELTWAY 8",0,1,0,0,0,0,1,"""BOARD""",1,0,0,0,0,,0,0,,0,0,,0,,0,1,"2 MILES FROM SHIP CH",0,1,0,1,0,0,0,1,0,0,0,,0,,0,2,0,0,0,0,0,0,0,NULL,1,"2 DOGS",0,999,759.07,0,,0,,0,,,0,0,0,0,0,0
TX034110,54,TX034,TX,SM,"2000-03-13 00:00:00",2,B,,9,0,0,1,0,1,"TILE W/ RUGS",3,B,0,,"SHELDON & SHADY LANE",0,1,0,0,0,0,0,,1,0,0,0,0,,0,0,,0,0,,0,,0,1,"DYSTEC (NAT GAS), LY",0,0,0,1,0,0,0,0,0,0,0,,1,"BASEBALL PARK",2,1,35,0,1,0,0,0,0,NULL,0,,0,999,722.22,0,,0,,0,,,0,0,0,0,0,0
TX035110,55,TX035,TX,SM/JK,"2000-03-13 00:00:00",1,B,,6,1,0,0,0,1,TILE,0,B,0,,"OVER BLUFF & BROOKVIEW",1,0,0,0,0,0,0,,1,0,0,0,0,,0,0,,0,0,,0,,0,1,"REICHHOLD INDUSTRIES",0,0,0,0,0,0,0,0,0,0,0,,0,,13.716,0,30,0,0,0,0,0,0,NULL,1,CAT,0,631.78,202.83,0,,0,,0,,,0,0,0,0,0,0
TX036110,58,TX036,TX,SM/JK,"2000-03-13 00:00:00",1,B,,6,1,1,1,0,1,"CERAMIC TILE",3,B,0,,"FANNETT & LAURENTIDE",0,1,0,0,0,0,1,"BRICK VENEER",1,0,0,0,0,,0,0,,0,0,,0,,0,1,"BUDWEISER AND SHIP C",0,0,0,1,0,0,0,1,0,0,0,,0,,0,1,15,0,1,0,0,0,0,NULL,0,,0,999,337.37,0,,0,,0,,,0,0,0,0,0,0
TX037110,60,TX037,TX,JK,"2000-03-17 00:00:00",1,B,,4,0,0,1,0,1,"TILE IN KITCHEN & BE",2,B,0,,"PINE & PECAN",0,0,1,0,0,0,0,,0,0,0,0,0,,1,0,,0,0,,0,,0,1,"LYONDELL, EQUISTAR",0,0,0,1,0,0,0,1,0,0,0,,1,"AUTOMOTIVE MECH SHOP",0,0,30,0,0,0,0,0,0,NULL,1,CAT,0,113.81,83.307,0,,0,,0,,,0,0,0,0,0,0
TX038110,62,TX038,TX,JK,"2000-03-17 00:00:00",1,B,,5,0,0,1,0,1,"TILE IN KITCHEN & BA",4,B,0,,"PINE & PECAN",0,1,0,0,0,0,0,,1,0,0,0,0,,0,0,,0,0,,0,,0,1,"LYONDELL, EQUISTAR",0,0,0,1,0,0,0,0,0,0,0,,1,"METAL SHOP",0,0,20,0,0,0,0,0,0,NULL,1,"2 DOGS",0,341.42,326.92,0,,0,,0,,,0,0,0,0,0,0
TX039110,64,TX039,TX,JK,"2000-03-22 00:00:00",1,B,,6,0,0,0,0,1,"TILE & TILE W/ AREA",1,B,0,,"PINE & PECAN",0,1,0,0,0,0,0,,1,0,0,0,0,,0,0,,0,0,,1,B,0,1,"LYONDELL, EQUISTAR",0,0,0,0,0,0,0,0,0,0,0,,0,,1,1,32,0,1,0,0,0,0,NULL,1,"2 BIRDS",0,372.7,264.44,0,,0,,0,,,0,0,0,0,0,0
TX040110,66,TX040,TX,MM/JK,"2000-03-20 00:00:00",1,B,,5,0,0,1,0,1,"TILE IN KITCHEN & DI",4,B,0,,"PINE & PECAN",0,0,1,0,0,0,0,,1,0,0,0,0,,0,0,,0,0,,0,,0,1,"LYONDELL, EQUISTAR",0,0,0,0,0,0,0,0,0,0,0,,0,,1,1,0,0,1,0,0,0,0,NULL,0,,0,240.35,207.93,0,,0,,0,,,0,0,0,0,0,0
TX041110,68,TX041,TX,JK,"2000-04-05 00:00:00",1,B,,5,0,0,1,0,1,TILE,4,B,0,,"DOUBLE PINE (DP) & WALLISVILLE,  DP & BLACK ROCK",1,1,0,0,0,0,0,,1,0,0,0,0,,0,0,,0,0,,0,,1,1,"LYONDELL, EQUISTAR",0,0,0,1,0,0,0,1,0,0,0,,1,RESTAURANTS,0,0,15,0,0,0,0,0,0,NULL,1,DOG,0,469.3,323.9,0,,0,,0,,,0,0,0,0,0,0
TX042110,70,TX042,TX,JK/MM/SM,"2000-03-27 00:00:00",1,B,,5,0,0,1,0,1,"TILE IN BATH & KITCH",4,A,0,,"LORI LANE & WOOD DRIVE",0,0,1,0,0,0,0,,0,1,0,0,1,TRAILER,0,0,,0,0,,0,,0,1,"LYONDELL, EQUISTAR",0,0,0,0,0,0,0,0,0,0,0,,0,,1,1,0,0,1,0,0,0,0,NULL,1,"5 DOGS",0,222.68,171.68,0,,0,,0,,,0,0,0,0,0,0
TX043110,73,TX043,TX,JK,"2000-03-27 00:00:00",1,B,,5,0,0,1,0,1,"TILE IN KITCHEN & BA",4,C,0,,"WROTHAM & SILVER GREEN",0,1,1,0,0,0,0,,1,0,0,0,0,,0,0,,0,0,,0,,0,1,"LYONDELL, EQUISTAR",0,0,0,0,0,0,0,0,0,0,0,,0,,1,2,20,0,2,0,0,0,0,NULL,1,DOG,0,1434.11,322.5,0,,0,,0,,,0,0,0,0,0,0
TX044110,74,TX044,TX,MM/JK,"2000-03-31 00:00:00",1,B,,5,0,0,1,0,1,"VINYL TILE IN KITCHE",4,B,0,,"WOOD DR",0,0,1,0,0,0,0,,0,0,0,0,1,"ON BLOCKS",0,0,,0,0,,0,,1,1,"ARCO, OTHERS",0,0,0,1,0,0,0,0,0,0,0,,1,"CHEM PLANTS",45.72,182.88,0,0,0,0,0,0,0,NULL,0,,0,999,214.45,0,,0,,0,,,0,0,0,0,0,0
TX045110,76,TX045,TX,MM/SM,"2000-03-31 00:00:00",1,B,,4,0,0,1,0,1,"VINYL TILE",2,B,1,"A LITTLE WORSE THAN","WOOD DR",0,0,1,0,0,0,0,,0,0,0,0,1,"ON BLOCKS",0,0,,0,0,,0,,0,1,"RESIDENT DOES NOT KN",0,1,0,1,0,0,0,1,0,1,0,,1,"DOES NOT KNOW",45.72,0,0,0,0,0,0,0,0,NULL,0,,0,160.22,126.17,0,,0,,0,,,0,0,0,0,0,0
TX046110,78,TX046,TX,JK/MM,"2000-03-04 00:00:00",1,B,,4,0,0,1,0,1,"TILE IN KITCHEN",3,B,0,,"JOHN DR & GREEN DR",1,0,1,0,0,0,0,,0,0,0,0,1,"TRAILER HOME",0,0,,0,0,,0,,0,1,"LYONDELL, EQUISTAR,",0,0,0,1,0,0,0,1,0,0,0,,0,,0,18.288,12,0,18.288,0,0,0,13.716,NULL,1,"2 BIRDS",0,291.34,243.94,0,,0,,0,,,0,0,0,0,0,0
TX047110,80,TX047,TX,JK/MM,"2000-04-07 00:00:00",1,B,,5,0,0,1,0,1,"VINYL TILE IN KITCHE",4,B,0,,"SHELDON & WOOD DR",0,0,1,0,0,0,0,,0,1,0,0,0,,0,0,,0,0,,0,,0,1,"RESIDENT DOES NOT KN",0,1,1,1,1,0,0,1,0,0,1,"DOES NOT KNOW",1,"DOES NOT KNOW",1,1,1,0,1,91.44,1,91.44,0,NULL,0,,0,282.09,248.25,0,,0,,0,,,0,0,0,0,0,0
TX048110,88,TX048,TX,SM,"2000-04-26 00:00:00",1,B,,4,0,0,0,0,1,LINOLEUM,0,C,0,,"SHELDON & WOOD",0,0,1,0,0,0,0,,0,0,0,0,1,TRAILER,0,0,,0,0,,0,,0,1,"LYONDELL, EQUISTAR",0,1,0,1,0,0,0,1,0,0,0,,0,,0,0,0,0,0,0,0,91.44,0,NULL,1,"DOG AND FISH",0,999,180.08,0,,0,,0,,,0,0,0,0,0,0
TX049110,86,TX049,TX,JK/SM,"2000-04-10 00:00:00",1,B,,5,0,0,1,0,1,"LINOLEUM IN KITCHEN",4,B,0,,"SHELDON & WOOD DR",0,0,1,0,0,0,0,,0,0,0,0,1,PLYWOOD,0,0,,0,0,,0,,0,1,"LYONDELL, EQUISTAR",0,0,0,1,0,0,0,0,0,0,0,,1,"TRUCKING CO, SHIP RE",0,0,0,0,0,0,0,0,0,NULL,1,DOG,0,307.61,282.33,0,,0,,0,,,0,0,0,0,0,0
TX050110,84,TX050,TX,JK/SM,"2000-04-14 00:00:00",1,B,,8,0,0,1,1,1,"TILE IN KITCHEN, DEN",5,C,0,,"WOOD DR",0,1,0,0,0,0,1,"BRICK VENEER",1,0,0,0,0,,0,0,,0,0,,0,,0,1,"LYONDELL, EQUISTAR",0,0,0,0,0,0,0,0,0,0,0,,0,,2,2,30,0,2,0,0,0,0,NULL,1,"2 DOGS",0,460.48,459.56,0,,0,,0,,,0,0,0,0,0,0
TX051110,82,TX051,TX,JK,"2000-04-14 00:00:00",2,C,,7,0,0,1,0,0,,7,C,0,,"RIO VILLA & WALLISVILLE RD",0,1,0,0,0,0,0,,1,0,0,0,0,,0,0,,0,0,,0,,1,1,"ARCO, LYONDELL",0,0,0,0,0,0,0,0,0,0,0,,0,,4,4,0,0,4,0,0,0,0,NULL,1,"3 DOGS, 1 CAT, FISH,",0,999,433.08,0,,0,,0,,,0,0,0,0,0,0
TX052110,90,TX052,TX,SM,"2000-04-24 00:00:00",1,B,,4,0,0,1,0,1,TILES,4,B,0,,"SHELDON & WOOD",0,0,0,0,0,0,0,,0,0,0,0,1,TRAILER,0,0,,0,0,,0,,0,1,"LYONDELL, EQUISTAR",0,0,0,1,0,0,0,0,0,0,1,"NEIGHBOR WORKING",0,,0,0,0,0,0,0,0,0,0,NULL,0,,0,342.91,271.83,0,,0,,0,,,0,0,0,0,0,0
TX053110,92,TX053,TX,SM/JK,"2000-04-26 00:00:00",1,B,,3,0,0,0,0,1,"WOOD & LINOLEUM",0,B,0,,,0,0,1,0,0,0,0,,0,0,0,0,1,TRAILER,0,0,,0,0,,0,,0,1,"LYONDELL, EQUISTAR",0,0,0,1,0,0,0,1,0,0,0,,0,,0,0,0,0,0,0,0,1.8288,0,NULL,0,,0,999,52.31,0,,0,,0,,,0,0,0,0,0,0
TX054110,94,TX054,TX,JK/SM,"2000-04-28 00:00:00",1,B,,4,1,0,1,0,1,"TILE IN BEDROOM & KI",1,B,0,,"SHELDON & WOOD",0,0,1,0,0,0,0,,0,0,0,0,1,"TRAILER HOME",0,0,,0,0,,0,,0,1,"LYONDELL, EQUISTAR",0,0,0,0,0,0,0,0,0,0,0,,0,,0,0,30,0,0,0,0,0,0,NULL,1,DOGS,0,130.82,110.25,0,,0,,0,,,0,0,0,0,0,0
TX055110,98,TX055,TX,JK/SM,"2000-04-28 00:00:00",2,C,,5,0,0,1,0,0,,5,B,0,,"RIO VILLA & WALLISVILLE",1,1,0,1,0,0,0,,1,0,0,0,0,,0,0,,0,0,,0,,0,1,"ARCO, LYONDELL, EQUI",0,0,0,0,0,0,0,0,0,0,0,,0,,4,5,22,0,4,0,0,0,0,NULL,1,"2 CATS",0,999,398.38,0,,0,,0,,,0,0,0,0,0,0
TX056110,100,TX056,TX,JK/SM,"2000-05-30 00:00:00",1,B,,3,0,0,1,0,0,,3,B,0,,"WOOD DR & SHELDON RD",1,0,1,0,0,0,0,,0,0,0,0,1,TRAILER,0,0,,0,0,,0,,0,1,ARCO,0,0,0,0,0,0,0,0,0,0,0,,0,,0,0,0,0,0,0,0,0,0,NULL,0,,0,195.26,154.35,0,,0,,0,,,0,0,0,0,0,0
TX057110,102,TX057,TX,SM,"2000-05-03 00:00:00",1,B,,3,0,0,1,0,1,"TILE & LINOLEUM",2,C,0,,"WOOD DR & SHELDON RD",0,0,1,0,0,0,0,,0,0,0,0,1,"TRAILER HOME",0,0,,0,0,,0,,0,0,,0,0,0,1,0,0,0,1,0,0,0,,0,,0,0,0,0,0,0,0,1.8288,0,NULL,1,CAT,0,227.8,171.5,0,,0,,0,,,0,0,0,0,0,0
TX058110,104,TX058,TX,SM,"2000-05-08 00:00:00",1,B,,3,0,0,0,0,1,"LINOLEUM & WOOD",0,C,0,,"WOOD DR & SHELDON",0,0,0,0,0,0,0,,0,0,0,0,1,TRAILER,0,0,,0,0,,0,,0,1,"LYONDELL, EQUISTAR",0,1,0,1,0,0,0,1,0,0,0,,0,,0,0,0,0,0,0,0,1.8288,0,NULL,0,,0,190.51,190.51,0,,0,,0,,,0,0,0,0,0,0
TX059110,106,TX059,TX,SM,"2000-05-08 00:00:00",1,B,,4,0,0,0,0,1,LINOLEUM,0,B,0,,"SHELDON & WOOD DR",0,0,1,0,0,0,0,,0,0,0,0,1,TRAILER,0,0,,0,0,,0,,0,1,"LYONDELL, EQUISTAR",0,0,0,1,0,0,0,1,0,0,0,,0,,0,0,0,0,0,0,0,0,0,NULL,0,,0,147.55,111.48,0,,0,,0,,,0,0,0,0,0,0
TX060110,109,TX060,TX,SM,"2000-05-08 00:00:00",1,B,,3,0,0,0,0,1,LINOLEUM,0,B,0,,"WOOD DR",0,0,1,0,0,0,0,,0,0,0,0,1,TRAILER,0,0,,0,0,,0,,0,1,"LYONDELL, EQUISTAR,",0,1,0,1,0,0,0,1,0,0,0,,0,,0,1,0,0,0,0,0,0.9144,0,NULL,0,,0,206.15,145.78,0,,0,,0,,,0,0,0,0,0,0
TX061110,110,TX061,TX,SK/SM,"2000-05-12 00:00:00",1,B,,2,0,0,0,0,1,LINOLEUM,0,B,0,,,0,0,1,0,0,0,0,,0,1,0,0,1,TRAILER,0,0,,0,0,,0,,0,0,,0,1,0,1,0,0,0,1,0,0,0,,0,,0,0,0,0,0,0,0,1.8288,0,NULL,0,,0,81.69,60.38,0,,0,,0,,,0,0,0,0,0,0
TX062110,112,TX062,TX,,"0000-00-00 00:00:00",0,,,0,0,0,0,0,0,,0,,0,,,0,0,0,0,0,0,0,,0,0,0,0,0,,0,0,,0,0,,0,,0,0,,0,0,0,0,0,0,0,0,0,0,0,,0,,0,0,0,0,0,0,0,0,0,NULL,0,,0,165.58,95.55,0,,0,,0,,,0,0,0,0,0,0
TX063110,114,TX063,TX,SM/SK,"2000-05-12 00:00:00",1,B,,3,0,0,1,0,1,LINOLEUM,2,C,0,,"WOOD DR & SHELDON",0,0,1,0,0,0,0,,0,0,0,0,1,TRAILER,0,0,,0,0,,0,,0,1,"LYONDELL, EQUISTAR",0,1,0,1,0,0,0,1,0,0,0,,0,,0,0,0,0,0,0,0,0,0,NULL,0,,0,190.29,150.68,0,,0,,0,,,0,0,0,0,0,0
TX064110,116,TX064,TX,SM,"2000-05-12 00:00:00",1,B,,3,0,0,0,0,1,"LINOLEUM & CARPET",0,B,0,,"WOOD DR & SHELDON",0,0,1,0,0,0,0,,0,0,0,0,1,TRAILER,0,0,,0,0,,0,,0,0,,0,1,0,1,0,0,0,1,0,0,0,,0,,0,0,0,0,0,0,0,1.8288,0,NULL,0,,0,186.46,200,0,,0,,0,,,0,0,0,0,0,0
TX065110,118,TX065,TX,SM/JK/SK,"2000-05-15 00:00:00",1,B,,5,0,0,1,0,1,"TILE IN KITCHEN",4,B,0,,"WOOD DR & SHELDON",0,0,1,0,0,0,0,,1,0,0,0,0,,0,0,,0,0,,0,,0,1,"LYONDELL, EQUISTAR",0,0,0,1,0,1,0,1,0,1,0,,0,,0,0,30,0,0,0,0,0,0,NULL,0,,0,389.88,194.25,0,,0,,0,,,0,0,0,0,0,0
TX066110,120,TX066,TX,JK,"2000-05-24 00:00:00",1,B,,5,0,1,0,0,1,"VINYL & CARPET",4,B,0,,"LUELLA & 13TH",0,1,0,0,0,0,0,,1,0,0,0,0,,0,0,,0,0,,0,,1,1,SHELL,0,0,0,0,0,0,0,0,0,0,0,,0,,1,2,5,0,1,0,0,0,0,NULL,1,DOG,0,459.79,331.28,0,,0,,0,,,0,0,0,0,0,0
TX067110,122,TX067,TX,JK,"2000-05-19 00:00:00",1,B,,7,0,0,1,0,1,"KITCHEN & BATHROOM",2,A,0,,"KENNY & PENN CITY",1,0,0,0,0,0,0,,1,0,0,0,0,,0,0,,0,0,,0,,0,1,"REICHOLD, LYONDELL,",0,0,0,1,0,0,1,0,0,0,0,,0,,0,0,8,0,0,0,0,0,0,NULL,1,"2 DOGS",0,318.66,218.79,0,,0,,0,,,0,0,0,0,0,0
TX068110,124,TX068,TX,JK,"2000-05-19 00:00:00",1,B,,6,0,0,1,0,1,"BATH IS VINYL & HARD",5,C,0,,"15TH & HOLLAND",0,0,0,1,0,1,0,,0,0,0,0,1,"CONCRETE BLOCKS",0,0,,0,0,,0,,0,1,"RESIDENT DOES NOT KN",0,0,0,0,0,0,0,1,0,0,0,,0,,0,2,7,0,2,0,0,0,0,NULL,0,,0,999,270.51,0,,0,,0,,,0,0,0,0,0,0
TX069110,126,TX069,TX,JK,"2000-05-22 00:00:00",2,B,,7,0,0,1,0,1,"LINOLEUM IN KITCHEN",6,C,0,,"ANDORRA & CROSSHAVEN",0,1,1,0,0,0,0,,1,0,0,0,0,,0,0,,0,0,,0,,0,1,"LYONDELL, EQUISTAR,",0,0,0,0,0,0,0,0,0,0,0,,0,,1,2,15,0,2,0,0,0,0,NULL,1,DOG,0,234.96,324.54,0,,0,,0,,,0,0,0,0,0,0
TX070110,128,TX070,TX,JK,"2000-05-25 00:00:00",1,B,,6,0,1,0,0,1,"LINOLEUM IN KITCHEN",5,B,0,,"OGILVIE & EL BUEY",1,0,0,0,0,0,1,"NOT SURE",1,0,0,0,0,,0,0,,0,0,,0,,0,1,"GOODYEAR, EXXON, OTH",0,0,0,1,0,1,0,1,0,0,0,,0,,0,1,15,0,1,0,0,8,0,NULL,1,DOG,0,999,999,0,,0,,0,,,0,0,0,0,0,0
TX071110,131,TX071,TX,JK,"2000-05-25 00:00:00",2,B,,6,0,0,1,0,1,"LINOLEUM IN KITCHEN",4,C,0,,"HEATHFIELD & FAIRMONT",0,1,0,0,0,0,1,"BRICK VENEER",1,0,0,0,0,,0,0,,0,0,,0,,0,1,EXXON-MOBILE,0,0,0,1,0,0,0,1,0,1,0,,0,,1,1,5,0,1,0,0,1,0,NULL,1,"2 DOGS",0,386.94,365.8,0,,0,,0,,,0,0,0,0,0,0
TX072110,132,TX072,TX,SM,"2000-06-02 00:00:00",1,B,,3,0,0,1,0,1,LINOLEUM,2,B,0,,"SHELDON & WOOD DR, WOOD DR & JAMIE ERIN LN",0,0,1,0,0,0,0,,0,1,0,0,1,TRAILER,0,0,,0,0,,0,,0,0,,0,0,0,1,0,0,0,1,0,0,0,,1,"TRUCKING CO.",0,0,0,0,0,0,0,0,0,NULL,0,,0,162.76,113,0,,0,,0,,,0,0,0,0,0,0
TX073110,134,TX073,TX,SM,"2000-06-02 00:00:00",1,B,,4,0,0,0,0,1,LINOLEUM,0,C,0,,"RAYWOOD & BECKER",0,0,0,0,0,0,0,,0,1,0,0,1,TRAILER,0,0,,0,0,,0,,0,0,,0,1,0,1,0,0,0,0,0,0,0,,0,,0,0,0,0,0,0,1,0,0,NULL,0,,0,999,186.2,0,,0,,0,,,0,0,0,0,0,0
TX074110,136,TX074,TX,SM,"2000-06-06 00:00:00",1,B,,4,0,0,1,0,1,LINOLEUM,3,C,0,,"RAYWOOD & BECKER",0,0,1,0,0,0,0,,0,1,0,0,1,TRAILER,0,0,,0,0,,0,,0,1,LYONDELL,0,1,0,1,0,0,0,1,0,0,0,,0,,2,0,0,0,3,0,0,1.8288,0,NULL,0,,0,253.72,181.3,0,,0,,0,,,0,0,0,0,0,0
TX075110,138,TX075,TX,SM,"2000-06-09 00:00:00",2,C,,11,0,0,1,0,1,LINOLEUM,8,A,0,,"EAST FREEWAY & CENTERWOOD",1,1,0,0,0,0,0,,1,0,0,0,0,,0,0,,0,0,,0,,0,0,,0,1,0,1,0,0,0,1,0,0,0,,1,WASHATERIA,1,0,0,0,0,0,0,0,0,NULL,0,,0,430.42,392.1,0,,0,,0,,,0,0,0,0,0,0
TX076110,140,TX076,TX,JK/SK,"2000-06-09 00:00:00",1,B,,5,1,1,1,0,1,"LINOLEUM IN KITCHEN",1,B,0,,"REDBLUFF & BELTWAY 8",1,0,0,0,0,0,0,,1,0,0,0,0,,0,0,,0,0,,0,,0,1,"SHELL, PHILLIPS, CRO",0,1,0,1,0,0,0,1,0,0,0,,0,,0,0,10,0,6,0,0,0,0,NULL,1,"DOGS & CAT",0,271.84,115.48,0,,0,,0,,,0,0,0,0,0,0
TX077110,142,TX077,TX,JK/SK,"2000-06-26 00:00:00",1,B,,6,0,1,0,0,1,"LINOLEUM IN KITCHEN",5,B,0,,"MESQUITE & DRIFTWOOD",1,1,0,0,0,0,0,,1,0,0,0,0,,0,0,,0,0,,0,,0,1,"LUBRIZOL,GOODYR,AKZO",0,0,0,0,0,0,0,0,0,0,0,,0,,1,2,1,0,2,0,0,0,0,NULL,1,"PARROT, DOG, GUINEA",0,999,309.5,0,,0,,0,,,0,0,0,0,0,0
TX078110,144,TX078,TX,SM/JK,"2000-07-07 00:00:00",1,B,,6,0,0,1,0,1,"KITCHEN LINOLEUM",5,C,0,,"DRIFTWOOD & MESQUITE",0,1,1,0,0,0,0,,1,0,0,0,0,,0,0,,0,0,,0,,0,1,"RESIDENT DOES NOT KN",0,0,0,0,0,0,0,0,0,0,0,,0,,0,0,1,0,0,0,0,0,0,NULL,1,DOG,0,999,286.23,0,,0,,0,,,0,0,0,0,0,0
TX079110,146,TX079,TX,JK,"2000-07-24 00:00:00",1,B,,6,0,0,1,0,0,,6,B,0,,"LEXINGTON & OKLAHOMA AVE",0,1,0,0,0,0,0,,1,0,0,0,0,,0,0,,0,0,,0,,0,1,"SHELL, PHILLIPS, LUB",0,1,0,1,0,0,0,1,0,1,0,,0,,2,0,10,0,0,0,0,0,0,NULL,1,"2 CATS",0,999,308.06,0,,0,,0,,,0,0,0,0,0,0
TX080110,148,TX080,TX,SK/JK,"2000-07-28 00:00:00",1,B,,7,0,1,1,0,1,"CERAMIC TILE",6,B,1,"VERY CLUTTERED","WINDING RD & 2ND ST",0,1,0,0,0,0,0,,0,1,0,0,0,,0,0,,0,0,,0,,0,1,"ASHLAND CHEMICAL STO",0,0,0,1,0,0,0,1,0,1,0,,1,"ASHLAND CHEMICALS",0,0,0,0,0,0,0,2.7432,0,NULL,1,FISH,0,999,305.82,0,,0,,0,,,0,0,0,0,0,0
TX081110,150,TX081,TX,MM,"2000-08-21 00:00:00",1,B,,5,1,0,0,0,1,"VINYL IN KITCHEN, TI",3,A,0,,ALASTAIR,1,0,0,0,0,0,0,,1,0,0,0,0,,0,0,,0,0,,0,,0,1,"PHILLIPS, CROWN",0,0,1,0,0,0,0,1,0,0,0,,1,"AUTO REPAIR SHOP",274.32,0,10,0,2,0,0,0,0,NULL,0,,0,322.96,305.37,0,,0,,0,,,0,0,0,0,0,0
TX082110,152,TX082,TX,MM/NH,"2000-08-18 00:00:00",1,B,,5,1,1,0,0,1,"CERAMIC TILE IN KITC",1,B,0,,"BEARLE & HWY 225",1,0,0,0,0,0,0,,1,0,0,0,0,,0,0,,0,0,,1,B,0,1,"CROWN, PHILLIPS, SHE",0,1,1,0,0,0,1,0,1,0,0,,0,,30.1752,0,30,0,2,0,0,0,0,NULL,1,"11 DOG, 2 PARROTS, &",0,300.56,266.66,0,,0,,0,,,0,0,0,0,0,0
TX083110,154,TX083,TX,MM/EH,"2000-08-21 00:00:00",1,B,,5,0,0,1,0,1,"CERAMIC TILE",2,C,0,,"THOMAS & BARLIN",1,0,0,0,0,0,0,,1,0,0,0,0,,0,0,,0,0,,0,,0,1,PHILLIPS,0,0,0,1,0,0,0,0,0,0,0,,0,,150.876,0,20,0,0,0,0,0,0,NULL,1,BIRD,0,408.7,282.15,0,,0,,0,,,0,0,0,0,0,0
TX084110,156,TX084,TX,MM/EH,"2000-08-23 00:00:00",1,B,,4,0,0,1,0,1,"VINYL TILE IN KITCHE",3,B,0,,"SOUTHMORE & PRESTON",0,1,0,0,0,0,0,,1,0,0,0,0,,0,0,,0,0,,0,,1,1,"PHILLIPS, SHELL",0,1,1,0,0,0,0,1,0,0,1,"AUTO REPAIR SHOP (MU",0,,18.288,0,25,0,7,0,0,0,0,NULL,0,,0,72.6,178.55,0,,0,,0,,,0,0,0,0,0,0
TX085110,158,TX085,TX,EH/MM,"2000-08-23 00:00:00",1,B,,5,0,1,1,0,1,"CERAMIC TILE",4,,0,,"RED BLUFF",0,0,1,0,0,0,0,,1,0,0,0,0,,0,0,,0,0,,0,,0,1,"PHILLIPS, SHELL",0,1,1,0,0,0,1,0,1,0,0,,1,"TIRE REPAIR SHOPS",0,0,0,0,0,0,0,0,0,NULL,0,,0,278.16,269.99,0,,0,,0,,,0,0,0,0,0,0
TX086110,160,TX086,TX,MM,"2000-08-25 00:00:00",1,B,,6,1,1,0,0,1,LINOLEUM,3,B,1,"TECHNICIAN STATED DU","THOMAS & BEARLE",1,0,0,0,0,0,1,CLAPBOARD,1,0,0,0,0,,0,0,,0,0,,0,,0,1,"PHILLIPS, EXXON, AMO",0,0,1,0,0,1,1,1,0,1,0,,0,,0,0,20,0,4,0,0,0,91.44,NULL,0,,0,418.5,406.1,0,,0,,0,,,0,0,0,0,0,0
TX087110,163,TX087,TX,MM,"2000-08-25 00:00:00",1,B,,6,1,1,0,0,1,"VINYL & CERAMIC TILE",1,,0,,"BEARLE & TILDEN",0,0,1,0,0,0,0,,1,0,0,0,0,,0,0,,0,0,,0,,0,1,"PHILLIPS, CROWN, SAN",0,1,1,1,0,0,0,0,0,1,0,,1,"AUTO REPAIR & PAINT",91.44,64.008,10,0,0,0,0,91.44,0,NULL,0,,0,342.43,265.8,0,,0,,0,,,0,0,0,0,0,0
TX088110,164,TX088,TX,MM/EH,"2000-08-25 00:00:00",1,B,,6,1,0,0,0,1,"VINYL TILE IN KITCHE",0,B,0,,"LEONARD & PASADENA BLVD",0,0,1,0,0,0,0,,0,1,0,0,0,,0,0,,0,0,,0,,0,1,,1,0,1,0,0,0,1,0,0,0,0,,1,"AUTO BODY SHOP",45.72,0,0,0,1,0,0,0,0,NULL,0,,0,231.82,216.04,0,,0,,0,,,0,0,0,0,0,0
TX089110,166,TX089,TX,MM/EH,"2000-09-01 00:00:00",1,B,,7,0,0,1,0,1,"VINYL TILE",5,,0,,"ALASTAIR & THOMAS",1,0,0,0,0,0,0,,1,0,0,0,0,,0,0,,0,0,,0,,0,1,"PHILLIPS, OTHERS",0,1,0,1,0,0,0,1,0,1,0,,1,"TIRE REPAIR SHOP",2,91.44,0,0,0,0,0,0,0,NULL,0,,0,351,264.18,0,,0,,0,,,0,0,0,0,0,0
TX090110,168,TX090,TX,MM,"2000-08-29 00:00:00",1,B,,5,0,0,1,0,1,"CERAMIC TILE",4,,0,,"ALASTAIR & BEARLE",0,0,0,1,0,0,1,CLAPBOARD,1,0,0,0,0,,0,0,,0,0,,0,,0,1,"PHILLIPS, OTHERS",0,0,0,1,0,0,0,1,0,0,0,,0,,0,0,30,0,0,0,0,91.44,0,NULL,0,,0,279.73,333.6,0,,0,,0,,,0,0,0,0,0,0
TX091110,170,TX091,TX,MM/EH,"2000-08-31 00:00:00",1,B,,6,0,1,1,0,1,"VINYL TILE IN KITCHE",3,A,0,,"THOMAS & BEARLE",1,0,0,0,0,0,1,CLAPBOARD,1,0,0,0,0,,0,0,,0,0,,0,,0,1,"RESIDENT DOES NOT KN",0,1,0,1,1,0,1,0,1,0,0,,1,"TIRE REPAIR SHOP",2,60.3504,20,0,0,0,0,0,0,NULL,0,,0,441,313.83,0,,0,,0,,,0,0,0,0,0,0
TX092110,172,TX092,TX,SM,"2000-09-05 00:00:00",1,B,,3,0,0,1,0,1,VINYL,1,,0,,"WOOD DR",0,0,1,0,0,0,0,,0,0,0,0,0,,0,0,,0,0,,0,,0,0,,0,0,0,1,0,0,0,0,0,0,0,,0,,2,0,40,0,0,0,0,0,0,NULL,0,,0,999,200,0,,0,,0,,,0,0,0,0,0,0
TX093110,174,TX093,TX,MM/NH,"2000-09-01 00:00:00",1,B,,4,0,0,0,0,1,"VINYL TILE",0,B,0,,"BEARLE & NORMAN",1,0,0,0,0,0,1,CLAPBOARD,0,1,0,0,0,,0,0,,0,0,,0,,0,1,"PHILLIPS, AUSTIN CHE",0,1,1,0,0,0,1,1,1,0,1,"TIRE REPAIR, PAINT &",0,,1,91.44,20,0,0,0,0,0,0,NULL,0,,0,250.93,201.7,0,,0,,0,,,0,0,0,0,0,0
TX094110,176,TX094,TX,MM,"2000-09-03 00:00:00",1,B,,5,1,0,0,0,1,"CERAMIC TILE",0,C,0,,"HUNTINGTON & BURKE",1,0,0,0,0,0,0,,1,0,0,0,0,,0,0,,0,0,,0,,0,1,"PHILLIPS, AIR PRODUC",0,0,0,1,0,0,0,1,0,0,0,,1,"TIRE REPAIR SHOP",182.88,0,30,0,0,0,0,0,0,NULL,0,,0,298.02,201.63,0,,0,,0,,,0,0,0,0,0,0
TX095110,178,TX095,TX,MM,"2000-09-03 00:00:00",1,B,,7,0,1,0,1,1,"VINYL TILE",4,,0,,"HUNTINGTON BETWEEN DELTA & BURKE",1,0,1,0,0,0,0,,1,0,0,0,0,,0,0,,0,0,,0,,0,1,"PHILLIPS,CROWN,SHELL",0,0,0,1,0,0,0,1,0,1,0,,1,"TIRE REPAIR SHOP",0,0,0,0,0,0,0,0,0,NULL,0,,0,394,250.05,0,,0,,0,,,0,0,0,0,0,0
TX096110,180,TX096,TX,MM/EH,"2000-09-06 00:00:00",1,B,,5,1,0,0,0,1,"VINYL TILE IN KITCHE",0,C,0,,"SPOONER & PARK",1,0,0,0,0,0,0,,0,1,0,0,0,,0,0,,0,0,,0,,0,1,"PHILLIPS, OTHERS",0,0,0,1,0,0,0,1,0,1,1,"AUTO PAINTERS & TIRE",1,"AUTO PAINTERS SHOP",91.44,0,35,0,0,0,0,0,0,NULL,0,,0,236.8,276.04,0,,0,,0,,,0,0,0,0,0,0
TX097110,182,TX097,TX,MM/EH,"2000-09-08 00:00:00",1,B,,5,1,0,1,0,1,"CERAMIC TILES",3,C,0,,"BURKE & DELTA",0,0,1,0,0,0,0,,1,0,0,0,0,,0,0,,0,0,,0,,0,1,"CROWN,PHILLIPS,SHELL",0,0,0,0,0,0,0,1,0,1,0,,1,"AUTO/TIRE REPAIR",0,0,25,0,0,1,0,0,0,NULL,0,,0,251.44,229.07,0,,0,,0,,,0,0,0,0,0,0
TX098110,184,TX098,TX,MM,"2000-09-10 00:00:00",1,B,,6,0,1,0,0,1,"VINYL TILE",0,A,0,,"MORNINGSIDE & ALASTAIR",1,0,0,0,0,0,1,CLAPBOARD,1,0,0,0,0,,0,0,,0,0,,0,,0,1,"RESIDENT DOES NOT KN",0,0,1,0,0,0,0,0,1,0,0,,0,,182.88,0,0,0,0,0,0,0,0,NULL,0,,0,292.33,229.86,0,,0,,0,,,0,0,0,0,0,0
TX099110,186,TX099,TX,MM,"2000-09-13 00:00:00",1,B,,7,1,0,1,0,1,"VINYL TILE",1,B,0,,"MORNINGSIDE & ALASTAIR",1,0,0,0,0,0,0,,1,0,0,0,0,,0,0,,0,0,,0,,0,1,"AIR PRODUCTS, CROWN,",1,0,1,0,0,0,1,0,1,0,1,"AUTO REPAIR SHOP (MU",0,,0,0,6,0,0,182.88,0,0,0,NULL,1,PARROTS,0,368.1,343.93,0,,0,,0,,,0,0,0,0,0,0
TX100110,188,TX100,TX,MM,"2000-09-13 00:00:00",1,B,,5,0,0,1,0,1,"VINYL TILE",4,B,0,,"SPOONER & BROADWAY",0,0,0,0,0,0,1,"HARDY PLANK",0,1,0,0,0,,0,0,,0,0,,0,,0,1,"LYONDELL, PHILLIPS,",0,0,0,0,0,0,1,0,0,0,1,"AUTO REPAIR SHOP",0,,274.32,0,30,0,0,0,0,0,0,NULL,0,,0,295.5,255.98,0,,0,,0,,,0,0,0,0,0,0
